프로젝트 명,엔드포인트 URL,HTTP,엔드포인트 클래스,엔드포인트 메소드,엔드포인트 정의 위치,endpoint_id
FinUp.Auth.Api,api/auth/active,GET,AuthController,IsActive,FinUp.Auth.Api/Controllers/AuthController.cs:289,1
FinUp.Auth.Api,api/auth/app/apptoken,POST,AuthController,GetAuthAppToken,FinUp.Auth.Api/Controllers/AuthController.cs:31,3
FinUp.Auth.Api,api/auth/logout,GET,AuthController,Logout,FinUp.Auth.Api/Controllers/AuthController.cs:264,6
FinUp.Auth.Api,api/auth/test,GET,AuthController,TestToken,FinUp.Auth.Api/Controllers/AuthController.cs:252,8
FinUp.Auth.Api,api/Home,GET,HomeController,Index,FinUp.Auth.Api/Controllers/HomeController.cs:9,10
FinUp.Chat.Api,api/app/chat/alarmlist,(unspecified),AppController,Alarm,FinUp.Chat.Api/Controllers/AppController.Chat.cs:1057,12
FinUp.Chat.Api,api/app/chat/auth/last/signal,(unspecified),AppController,ChatAuthLastSignalProcess,FinUp.Chat.Api/Controllers/AppController.Chat.cs:404,14
FinUp.Chat.Api,api/app/chat/auth/signal/edit,(unspecified),AppController,ChatAuthSignalEditProcess,FinUp.Chat.Api/Controllers/AppController.Chat.cs:421,15
FinUp.Chat.Api,api/app/chat/auth/signal/edit/preprocess,(unspecified),AppController,ChatAuthSignalEditPreprocess,FinUp.Chat.Api/Controllers/AppController.Chat.cs:437,16
FinUp.Chat.Api,api/app/chat/bannedword/refresh,GET,AppController,RefreshChatBannedWord,FinUp.Chat.Api/Controllers/AppController.Chat.cs:755,17
FinUp.Chat.Api,api/app/chat/banner,(unspecified),AppController,ChatBannerList,FinUp.Chat.Api/Controllers/AppController.Chat.cs:972,18
FinUp.Chat.Api,api/app/chat/device,(unspecified),AppController,ChatDevice,FinUp.Chat.Api/Controllers/AppController.Chat.cs:914,21
FinUp.Chat.Api,api/app/chat/emoticon,GET,AppController,Emoticon,FinUp.Chat.Api/Controllers/AppController.Chat.cs:1048,22
FinUp.Chat.Api,api/app/chat/favorite,(unspecified),AppController,ChatFavorite,FinUp.Chat.Api/Controllers/AppController.Chat.cs:938,23
FinUp.Chat.Api,api/app/chat/filedownload,GET,AppController,FileDownload,FinUp.Chat.Api/Controllers/AppController.Chat.cs:666,24
FinUp.Chat.Api,api/app/chat/files,(unspecified),AppController,ChatAuthFiles,FinUp.Chat.Api/Controllers/AppController.Chat.cs:373,25
FinUp.Chat.Api,api/app/chat/filespaging,(unspecified),AppController,ChatAuthFilesPaging,FinUp.Chat.Api/Controllers/AppController.Chat.cs:456,26
FinUp.Chat.Api,api/app/chat/fileuploaddoc,(unspecified),AppController,FileUploadDoc,FinUp.Chat.Api/Controllers/AppController.Chat.cs:592,28
FinUp.Chat.Api,api/app/chat/homelogin,(unspecified),AppController,ChatMentorWebLogin,FinUp.Chat.Api/Controllers/AppController.Chat.cs:894,29
FinUp.Chat.Api,api/app/chat/hostroute,POST,AppController,HostRoute,FinUp.Chat.Api/Controllers/AppController.Chat.cs:778,30
FinUp.Chat.Api,api/app/chat/log,(unspecified),AppController,ChatLog,FinUp.Chat.Api/Controllers/AppController.Chat.cs:1005,31
FinUp.Chat.Api,api/app/chat/logout,GET,AppController,Logout,FinUp.Chat.Api/Controllers/AppController.Chat.cs:84,32
FinUp.Chat.Api,api/app/chat/mentor,(unspecified),AppController,ChatMentor,FinUp.Chat.Api/Controllers/AppController.Chat.cs:957,33
FinUp.Chat.Api,api/app/chat/profile,(unspecified),AppController,ChstUserProfile,FinUp.Chat.Api/Controllers/AppController.Chat.cs:810,34
FinUp.Chat.Api,api/app/chat/update,GET,AppController,Update,FinUp.Chat.Api/Controllers/AppController.Chat.cs:858,37
FinUp.Chat.Api,api/app/chat/version,GET,AppController,Version,FinUp.Chat.Api/Controllers/AppController.Chat.cs:831,38
FinUp.Chat.Api,api/app/chat/weblogin,(unspecified),AppController,ChatUserWebLogin,FinUp.Chat.Api/Controllers/AppController.Chat.cs:872,39
FinUp.Chat.Api,api/contents/freechatout,POST,ContentsController,FreeChatOut,FinUp.Chat.Api/Controllers/ContentsController.cs:73,41
FinUp.Chat.Api,api/contents/freechatsubscribe,POST,ContentsController,FreeChatSubscribe,FinUp.Chat.Api/Controllers/ContentsController.cs:32,42
FinUp.Chat.Api,api/popup/list,POST,PopupController,GetPopupListAsync,FinUp.Chat.Api/Controllers/PopupController.cs:24,43
FinUp.Chat.Api,api/report,POST,ReportController,PostReport,FinUp.Chat.Api/Controllers/ReportController.cs:25,44
FinUp.Chat.Api.Badge,api/badge/count,(unspecified),BadgeController,Count,FinUp.Chat.Api.Badge/Controllers/BadgeController.cs:43,46
FinUp.Chat.Api.Badge,api/badge/init,(unspecified),BadgeController,Init,FinUp.Chat.Api.Badge/Controllers/BadgeController.cs:21,47
FinUp.Chat.Api.Badge,api/Home,GET,HomeController,Index,FinUp.Chat.Api.Badge/Controllers/HomeController.cs:12,49
FinUp.Chat.Api.Channel,api/Chat/Connect,GET,ChatController,Connect,FinUp.Chat.Api.Channel/Controllers/ChatController.cs:61,50
FinUp.Chat.Api.Channel,api/Chat/ConnectByGet,GET,ChatController,ConnectByGet,FinUp.Chat.Api.Channel/Controllers/ChatController.cs:31,51
FinUp.Chat.Api.Channel,api/Chat/Count,GET,ChatController,Count,FinUp.Chat.Api.Channel/Controllers/ChatController.cs:78,52
FinUp.Chat.Api.Channel,WeatherForecast,GET,WeatherForecastController,Get,FinUp.Chat.Api.Channel/Controllers/WeatherForecastController.cs:27,53
FinUp.Chat.NET.Api,api/v1.0/Auth,POST,AuthController,GetAuth,FinUp.Chat.NET.Api/Controllers/v1_0/AuthController.cs:34,55
FinUp.Chat.NET.Api,api/v1.0/Auth/refresh,POST,AuthController,GetAuthRefresh,FinUp.Chat.NET.Api/Controllers/v1_0/AuthController.cs:68,56
FinUp.Chat.NET.Api,api/v1.0/Auth/refresh:noneactive,POST,AuthController,GetAuthRefreshNoneActive,FinUp.Chat.NET.Api/Controllers/v1_0/AuthController.cs:85,57
FinUp.Chat.NET.Api,api/v1.0/Auth/token,POST,AuthController,GetAuthToken,FinUp.Chat.NET.Api/Controllers/v1_0/AuthController.cs:51,58
FinUp.Chat.NET.Api,api/v1.0/Banner,GET,BannerController,GetAsync,FinUp.Chat.NET.Api/Controllers/v1_0/BannerController.cs:28,59
FinUp.Chat.NET.Api,api/v1.0/banword:refresh,PATCH,BanwordController,RefreshAsync,FinUp.Chat.NET.Api/Controllers/v1_0/BanwordController.cs:24,60
FinUp.Chat.NET.Api,api/v1.0/Cache,GET,CacheController,Load,FinUp.Chat.NET.Api/Controllers/v1_0/CacheController.cs:29,61
FinUp.Chat.NET.Api,api/v1.0/Cache/chat/{chatidx}/messages,GET,CacheController,LoadChatMessage,FinUp.Chat.NET.Api/Controllers/v1_0/CacheController.cs:47,62
FinUp.Chat.NET.Api,api/v1.0/Cache/publish,POST,CacheController,PublishAsync,FinUp.Chat.NET.Api/Controllers/v1_0/CacheController.cs:56,63
FinUp.Chat.NET.Api,api/v1.0/Cache/state,GET,CacheController,State,FinUp.Chat.NET.Api/Controllers/v1_0/CacheController.cs:41,64
FinUp.Chat.NET.Api,api/v1.0/Chat,GET,ChatController,GetAsync,FinUp.Chat.NET.Api/Controllers/v1_0/ChatController.cs:60,65
FinUp.Chat.NET.Api,api/v1.0/Chat,POST,ChatController,Insert,FinUp.Chat.NET.Api/Controllers/v1_0/ChatController.cs:41,66
FinUp.Chat.NET.Api,api/v1.0/Chat/update,GET,ChatController,Update,FinUp.Chat.NET.Api/Controllers/v1_0/ChatController.cs:127,67
FinUp.Chat.NET.Api,api/v1.0/Chat/{chatidx},DELETE,ChatController,DeleteAsync,FinUp.Chat.NET.Api/Controllers/v1_0/ChatController.cs:109,68
FinUp.Chat.NET.Api,api/v1.0/Chat/{chatidx},GET,ChatController,GetAsync,FinUp.Chat.NET.Api/Controllers/v1_0/ChatController.cs:74,69
FinUp.Chat.NET.Api,api/v1.0/Chat/{chatidx},PATCH,ChatController,PatchAsync,FinUp.Chat.NET.Api/Controllers/v1_0/ChatController.cs:91,70
FinUp.Chat.NET.Api,api/v1.0/chat/{chatidx}/files,GET,ChatFilesController,GetAsync,FinUp.Chat.NET.Api/Controllers/v1_0/ChatFilesController.cs:108,71
FinUp.Chat.NET.Api,api/v1.0/chat/{chatidx}/files/{chatfileidx},DELETE,ChatFilesController,DeleteAsync,FinUp.Chat.NET.Api/Controllers/v1_0/ChatFilesController.cs:89,72
FinUp.Chat.NET.Api,api/v1.0/chat/{chatidx}/files/{chatfileidx}:download,GET,ChatFilesController,DownloadFileAsync,FinUp.Chat.NET.Api/Controllers/v1_0/ChatFilesController.cs:120,73
FinUp.Chat.NET.Api,api/v1.0/chat/{chatidx}/files/{chatfileidx}:download-app,GET,ChatFilesController,DownloadAppFileAsync,FinUp.Chat.NET.Api/Controllers/v1_0/ChatFilesController.cs:141,74
FinUp.Chat.NET.Api,api/v1.0/chat/{chatidx}/files:upload,POST,ChatFilesController,UploadAsync,FinUp.Chat.NET.Api/Controllers/v1_0/ChatFilesController.cs:166,75
FinUp.Chat.NET.Api,api/v1.0/chat/{chatidx}/files:upload-robo,POST,ChatFilesController,UploadRoboAsync,FinUp.Chat.NET.Api/Controllers/v1_0/ChatFilesController.cs:274,76
FinUp.Chat.NET.Api,api/v1.0/chat/{chatidx}/messages,GET,ChatMessageController,GetAsync,FinUp.Chat.NET.Api/Controllers/v1_0/ChatMessageController.cs:166,77
FinUp.Chat.NET.Api,api/v1.0/chat/{chatidx}/messages,POST,ChatMessageController,PostAsync,FinUp.Chat.NET.Api/Controllers/v1_0/ChatMessageController.cs:72,78
FinUp.Chat.NET.Api,api/v1.0/chat/{chatidx}/messages-system,POST,ChatMessageController,PostAsync,FinUp.Chat.NET.Api/Controllers/v1_0/ChatMessageController.cs:48,79
FinUp.Chat.NET.Api,api/v1.0/chat/{chatidx}/messages-url,GET,ChatMessageController,GetAsync,FinUp.Chat.NET.Api/Controllers/v1_0/ChatMessageController.cs:240,80
FinUp.Chat.NET.Api,api/v1.0/chat/{chatidx}/messages/{chatmessageidx},DELETE,ChatMessageController,DeleteAsync,FinUp.Chat.NET.Api/Controllers/v1_0/ChatMessageController.cs:289,81
FinUp.Chat.NET.Api,api/v1.0/chat/{chatidx}/messages/{chatmessageidx},GET,ChatMessageController,Get,FinUp.Chat.NET.Api/Controllers/v1_0/ChatMessageController.cs:150,82
FinUp.Chat.NET.Api,api/v1.0/chat/{chatidx}/messages/{chatmessageidx},PATCH,ChatMessageController,PatchAsync,FinUp.Chat.NET.Api/Controllers/v1_0/ChatMessageController.cs:270,83
FinUp.Chat.NET.Api,api/v1.0/chat/{chatidx}/messages:free,GET,ChatMessageController,GetAsync,FinUp.Chat.NET.Api/Controllers/v1_0/ChatMessageController.cs:226,84
FinUp.Chat.NET.Api,api/v1.0/chat/{chatidx}/messages:history,GET,ChatMessageController,Get,FinUp.Chat.NET.Api/Controllers/v1_0/ChatMessageController.cs:195,85
FinUp.Chat.NET.Api,api/v1.0/chat/{chatidx}/messages:history-date,GET,ChatMessageController,Get,FinUp.Chat.NET.Api/Controllers/v1_0/ChatMessageController.cs:210,86
FinUp.Chat.NET.Api,api/v1.0/chat/{chatidx}/messages:robo,POST,ChatMessageController,PostRoboAsync,FinUp.Chat.NET.Api/Controllers/v1_0/ChatMessageController.cs:101,87
FinUp.Chat.NET.Api,api/v1.0/chat/{chatidx}/messages:search,GET,ChatMessageController,Get,FinUp.Chat.NET.Api/Controllers/v1_0/ChatMessageController.cs:254,88
FinUp.Chat.NET.Api,api/v1.0/chat/{chatidx}/messages:signal,POST,ChatMessageController,PostApiKeyAsync,FinUp.Chat.NET.Api/Controllers/v1_0/ChatMessageController.cs:124,89
FinUp.Chat.NET.Api,api/v1.0/chat/{chatidx}/notice,GET,NoticeController,GetNotice,FinUp.Chat.NET.Api/Controllers/v1_0/NoticeController.cs:33,90
FinUp.Chat.NET.Api,api/v1.0/chat/{chatidx}/notice,POST,NoticeController,PostNoticeAsync,FinUp.Chat.NET.Api/Controllers/v1_0/NoticeController.cs:63,91
FinUp.Chat.NET.Api,api/v1.0/chat/{chatidx}/notice/{boardidx},DELETE,NoticeController,DeleteNotice,FinUp.Chat.NET.Api/Controllers/v1_0/NoticeController.cs:83,92
FinUp.Chat.NET.Api,api/v1.0/chat/{chatidx}/notice/{boardidx},GET,NoticeController,GetNoticeDetailAsync,FinUp.Chat.NET.Api/Controllers/v1_0/NoticeController.cs:48,93
FinUp.Chat.NET.Api,api/v1.0/chat/{chatidx}/notice/{boardidx}:admin,DELETE,NoticeController,DeleteNoticeAdmin,FinUp.Chat.NET.Api/Controllers/v1_0/NoticeController.cs:123,94
FinUp.Chat.NET.Api,api/v1.0/chat/{chatidx}/notice/{boardidx}:admin,PATCH,NoticeController,PatchAsync,FinUp.Chat.NET.Api/Controllers/v1_0/NoticeController.cs:105,95
FinUp.Chat.NET.Api,api/v1.0/chat/{chatidx}/users,GET,ChatUsersController,GetListAsync,FinUp.Chat.NET.Api/Controllers/v1_0/ChatUsersController.cs:47,96
FinUp.Chat.NET.Api,api/v1.0/chat/{chatidx}/users,POST,ChatUsersController,PostAsync,FinUp.Chat.NET.Api/Controllers/v1_0/ChatUsersController.cs:184,97
FinUp.Chat.NET.Api,api/v1.0/chat/{chatidx}/users/{chatuseridx},DELETE,ChatUsersController,DeleteAsync,FinUp.Chat.NET.Api/Controllers/v1_0/ChatUsersController.cs:315,98
FinUp.Chat.NET.Api,api/v1.0/chat/{chatidx}/users/{chatuseridx},GET,ChatUsersController,GetAsync,FinUp.Chat.NET.Api/Controllers/v1_0/ChatUsersController.cs:63,99
FinUp.Chat.NET.Api,api/v1.0/chat/{chatidx}/users/{chatuseridx},PATCH,ChatUsersController,PatchAsync,FinUp.Chat.NET.Api/Controllers/v1_0/ChatUsersController.cs:233,100
FinUp.Chat.NET.Api,api/v1.0/chat/{chatidx}/users/{chatuseridx}/favorites,DELETE,ChatUsersController,DeleteFavoriteAsync,FinUp.Chat.NET.Api/Controllers/v1_0/ChatUsersController.cs:422,101
FinUp.Chat.NET.Api,api/v1.0/chat/{chatidx}/users/{chatuseridx}/favorites,POST,ChatUsersController,InsertFavoriteAsync,FinUp.Chat.NET.Api/Controllers/v1_0/ChatUsersController.cs:403,102
FinUp.Chat.NET.Api,api/v1.0/chat/{chatidx}/users/{chatuseridx}:ban,POST,ChatUsersController,BanAsync,FinUp.Chat.NET.Api/Controllers/v1_0/ChatUsersController.cs:253,103
FinUp.Chat.NET.Api,api/v1.0/chat/{chatidx}/users/{chatuseridx}:enter,POST,ChatUsersController,EnterAsync,FinUp.Chat.NET.Api/Controllers/v1_0/ChatUsersController.cs:353,104
FinUp.Chat.NET.Api,api/v1.0/chat/{chatidx}/users/{chatuseridx}:enter-Admin,POST,ChatUsersController,EnterAsAdminAsync,FinUp.Chat.NET.Api/Controllers/v1_0/ChatUsersController.cs:368,105
FinUp.Chat.NET.Api,api/v1.0/chat/{chatidx}/users/{chatuseridx}:out,POST,ChatUsersController,OutAsync,FinUp.Chat.NET.Api/Controllers/v1_0/ChatUsersController.cs:385,106
FinUp.Chat.NET.Api,api/v1.0/chat/{chatidx}/users/{chatuseridx}:push,POST,ChatUsersController,UpdatePushAsync,FinUp.Chat.NET.Api/Controllers/v1_0/ChatUsersController.cs:208,107
FinUp.Chat.NET.Api,api/v1.0/chat/{chatidx}/users/{chatuseridx}:writable,POST,ChatUsersController,UpdateWritableAsync,FinUp.Chat.NET.Api/Controllers/v1_0/ChatUsersController.cs:270,108
FinUp.Chat.NET.Api,api/v1.0/chat/{chatidx}/users:cancel,POST,ChatUsersController,CancelAsync,FinUp.Chat.NET.Api/Controllers/v1_0/ChatUsersController.cs:332,109
FinUp.Chat.NET.Api,api/v1.0/chat/{chatidx}/users:upsert,POST,ChatUsersController,UpsertAsync,FinUp.Chat.NET.Api/Controllers/v1_0/ChatUsersController.cs:79,110
FinUp.Chat.NET.Api,api/v1.0/chat/{chatidx}/users:writable,POST,ChatUsersController,UpdateWritableAsync,FinUp.Chat.NET.Api/Controllers/v1_0/ChatUsersController.cs:289,111
FinUp.Chat.NET.Api,api/v1.0/Emoticon,GET,EmoticonController,GetEmoticon,FinUp.Chat.NET.Api/Controllers/v1_0/EmoticonController.cs:27,112
FinUp.Chat.NET.Api,api/v1.0/Reports,POST,ReportsController,PostReport,FinUp.Chat.NET.Api/Controllers/v1_0/ReportsController.cs:25,113
FinUp.Chat.NET.Api,api/v1.0/Routing,GET,RoutingController,Get,FinUp.Chat.NET.Api/Controllers/v1_0/RoutingController.cs:26,114
FinUp.Chat.NET.Api,api/v1.0/Session/api/app/chat/log,POST,SessionController,LegacyLog,FinUp.Chat.NET.Api/Controllers/v1_0/SessionController.cs:92,115
FinUp.Chat.NET.Api,api/v1.0/Session/close,GET,SessionController,Close,FinUp.Chat.NET.Api/Controllers/v1_0/SessionController.cs:39,116
FinUp.Chat.NET.Api,api/v1.0/Session/enter,GET,SessionController,Enter,FinUp.Chat.NET.Api/Controllers/v1_0/SessionController.cs:50,117
FinUp.Chat.NET.Api,api/v1.0/Session/log,POST,SessionController,Log,FinUp.Chat.NET.Api/Controllers/v1_0/SessionController.cs:61,118
FinUp.Chat.NET.Api,api/v1.0/Users,GET,UsersController,GetAsync,FinUp.Chat.NET.Api/Controllers/v1_0/UsersController.cs:55,119
FinUp.Chat.NET.Api,api/v1.0/Users,POST,UsersController,PostAsync,FinUp.Chat.NET.Api/Controllers/v1_0/UsersController.cs:37,120
FinUp.Chat.NET.Api,api/v1.0/Users/{appuserkey}/profile:sys,POST,UsersController,PostProfileAsync,FinUp.Chat.NET.Api/Controllers/v1_0/UsersController.cs:133,121
FinUp.Chat.NET.Api,api/v1.0/Users/{appuserkey}:sys,GET,UsersController,GetAsync,FinUp.Chat.NET.Api/Controllers/v1_0/UsersController.cs:115,122
FinUp.Chat.NET.Api,api/v1.0/Users/{useridx},DELETE,UsersController,DeleteAsync,FinUp.Chat.NET.Api/Controllers/v1_0/UsersController.cs:168,123
FinUp.Chat.NET.Api,api/v1.0/Users/{useridx},GET,UsersController,GetAsync,FinUp.Chat.NET.Api/Controllers/v1_0/UsersController.cs:74,124
FinUp.Chat.NET.Api,api/v1.0/Users/{useridx},PATCH,UsersController,PatchAsync,FinUp.Chat.NET.Api/Controllers/v1_0/UsersController.cs:93,125
FinUp.Chat.NET.Api,api/v1.1/chat/{chatidx}/files,GET,ChatFilesController,GetAsync,FinUp.Chat.NET.Api/Controllers/v1_1/ChatFilesController.cs:39,126
FinUp.Chat.NET.Api,api/v1.1/chat/{chatidx}/files-debug,GET,ChatFilesController,GetDebugAsync,FinUp.Chat.NET.Api/Controllers/v1_1/ChatFilesController.cs:68,127
FinUp.Chat.NET.Api,api/v1.1/chat/{chatidx}/files-debug:direction,GET,ChatFilesController,GetDebugDirectionAsync,FinUp.Chat.NET.Api/Controllers/v1_1/ChatFilesController.cs:82,128
FinUp.Chat.NET.Api,api/v1.1/chat/{chatidx}/files:direction,GET,ChatFilesController,GetDirectionAsync,FinUp.Chat.NET.Api/Controllers/v1_1/ChatFilesController.cs:54,129
FinUp.Chat.NET.Api,api/v1.1/Reports,GET,ReportsController,Get,FinUp.Chat.NET.Api/Controllers/v1_1/ReportsController.cs:18,130
FinUp.Chat.NET.Api,api/v1.2/chat/{chatidx}/files,GET,ChatFilesController,GetAsync,FinUp.Chat.NET.Api/Controllers/v1_2/ChatFilesController.cs:50,131
FinUp.Chat.NET.Api,api/v1.2/chat/{chatidx}/files:direction,GET,ChatFilesController,GetDirectionAsync,FinUp.Chat.NET.Api/Controllers/v1_2/ChatFilesController.cs:65,132
FinUp.Chat.NET.Api,api/v1.2/chat/{chatidx}/files:upload,POST,ChatFilesController,UploadAsync,FinUp.Chat.NET.Api/Controllers/v1_2/ChatFilesController.cs:81,133
FinUp.Chat.NET.Api,api/v1.2/chat/{chatidx}/messages,GET,ChatMessageController,GetAsync,FinUp.Chat.NET.Api/Controllers/v1_2/ChatMessageController.cs:81,134
FinUp.Chat.NET.Api,api/v1.2/chat/{chatidx}/messages,POST,ChatMessageController,PostAsync,FinUp.Chat.NET.Api/Controllers/v1_2/ChatMessageController.cs:51,135
FinUp.Chat.NET.Api,api/v1.9/Banner,GET,BannerController,GetAsync,FinUp.Chat.NET.Api/Controllers/v1_9/BannerController.cs:28,145
FinUp.Chat.NET.Api,api/v1.9/banword:refresh,PATCH,BanwordController,RefreshAsync,FinUp.Chat.NET.Api/Controllers/v1_9/BanwordController.cs:23,146
FinUp.Chat.NET.Api,api/v1.9/Chat/{appcode}/openchat:theme,POST,ChatController,InsertOpenChatTheme,FinUp.Chat.NET.Api/Controllers/v1_9/ChatController.cs:55,152
FinUp.Chat.NET.Api,api/v1.9/chat/{chatidx}/files:direction,GET,ChatFilesController,GetDirectionAsync,FinUp.Chat.NET.Api/Controllers/v1_9/ChatFilesController.cs:68,156
FinUp.Chat.NET.Api,api/v1.9/chat/{chatidx}/users/{chatuseridx}/favorites,DELETE,ChatUsersController,DeleteFavoriteAsync,FinUp.Chat.NET.Api/Controllers/v1_9/ChatUsersController.cs:498,170
FinUp.Chat.NET.Api,api/v1.9/chat/{chatidx}/users/{chatuseridx}/favorites,POST,ChatUsersController,InsertFavoriteAsync,FinUp.Chat.NET.Api/Controllers/v1_9/ChatUsersController.cs:479,171
FinUp.Chat.NET.Api,api/v1.9/chat/{chatidx}/users/{chatuseridx}:ban,POST,ChatUsersController,BanAsync,FinUp.Chat.NET.Api/Controllers/v1_9/ChatUsersController.cs:256,172
FinUp.Chat.NET.Api,api/v1.9/chat/{chatidx}/users/{chatuseridx}:enter-Admin,POST,ChatUsersController,EnterAsAdminAsync,FinUp.Chat.NET.Api/Controllers/v1_9/ChatUsersController.cs:372,174
FinUp.Chat.NET.Api,api/v1.9/chat/{chatidx}/users/{chatuseridx}:push,POST,ChatUsersController,UpdatePushAsync,FinUp.Chat.NET.Api/Controllers/v1_9/ChatUsersController.cs:210,176
FinUp.Chat.NET.Api,api/v1.9/chat/{chatidx}/users/{chatuseridx}:writable,POST,ChatUsersController,UpdateWritableAsync,FinUp.Chat.NET.Api/Controllers/v1_9/ChatUsersController.cs:273,177
FinUp.Chat.NET.Api,api/v1.9/chat/{chatidx}/users:cancel,POST,ChatUsersController,CancelAsync,FinUp.Chat.NET.Api/Controllers/v1_9/ChatUsersController.cs:335,178
FinUp.Chat.NET.Api,api/v1.9/chat/{chatidx}/users:upsert,POST,ChatUsersController,UpsertAsync,FinUp.Chat.NET.Api/Controllers/v1_9/ChatUsersController.cs:79,179
FinUp.Chat.NET.Api,api/v1.9/chat/{chatidx}/users:writable,POST,ChatUsersController,UpdateWritableAsync,FinUp.Chat.NET.Api/Controllers/v1_9/ChatUsersController.cs:292,180
FinUp.Chat.NET.Api,api/v1.9/Users/service-block/{blockidx},DELETE,UsersController,DeleteUserServiceBlockAsync,FinUp.Chat.NET.Api/Controllers/v1_9/UsersController.cs:124,186
FinUp.Chat.NET.Api,api/v1.9/Users/user-alarm,POST,UsersController,GetUserAlarmList,FinUp.Chat.NET.Api/Controllers/v1_9/UsersController.cs:138,187
FinUp.Chat.NET.Api.Badge,api/v1.0/chat/{chatIdx}/users/{chatuseridx}/badge:init,POST,BadgeController,Init,FinUp.Chat.NET.Api.Badge/Controllers/v1_0/BadgeController.cs:28,191
FinUp.Chat.NET.Api.Channel,api/v{version:apiVersion}/Chat/sse/connect/{chatIdx},GET,ChatController,SeeConnectAsync,FinUp.Chat.NET.Api.Channel/Controllers/ChatController.cs:110,195
FinUp.Chat.NET.Api.ChannerView,api/v{version:apiVersion}/Auth/VerifyJwtToken,POST,AuthController,VerifyJwtToken,FinUp.Chat.NET.Api.ChannerView/Controllers/v1_0/AuthController.cs:45,196
FinUp.Chat.NET.Api.ChannerView,api/v{version:apiVersion}/Auth/VerifyRecaptcha,POST,AuthController,VerifyRecaptcha,FinUp.Chat.NET.Api.ChannerView/Controllers/v1_0/AuthController.cs:30,197
FinUp.Chat.NET.Api.ChannerView,api/v{version:apiVersion}/Url/GetUrlDelay,GET,UrlController,GetUrlDelay,FinUp.Chat.NET.Api.ChannerView/Controllers/v1_0/UrlController.cs:43,198
FinUp.Chat.NET.Api.ChannerView,api/v{version:apiVersion}/Url/GetUrlParsingResult,POST,UrlController,GetUrlParsingResult,FinUp.Chat.NET.Api.ChannerView/Controllers/v1_0/UrlController.cs:32,199
FinUp.Chat.NET.Api.ChannerView,chat/v{version:apiVersion}/ProcessChatWebsocket,GET,WebSocketController,ProcessChatWebsocket,FinUp.Chat.NET.Api.ChannerView/Controllers/v1_0/WebSocketController.cs:34,200
FinUp.General.Api,api/oorione/checkreward,POST,OorioneController,CheckReward,FinUp.General.Api/Controllers/OorioneController.cs:209,204
FinUp.General.Api,api/oorione/checkuser,POST,OorioneController,CheckUser,FinUp.General.Api/Controllers/OorioneController.cs:30,205
FinUp.General.Api,api/oorione/orderuser,POST,OorioneController,OrderUser,FinUp.General.Api/Controllers/OorioneController.cs:97,206
FinUp.LogData.Api,Log/Ping,POST,LogController,Ping,FinUp.LogData.Api/Controllers/LogController.cs:51,209
FinUp.LogData.Api,Log/PushResponse,POST,LogController,PushResponse,FinUp.LogData.Api/Controllers/LogController.cs:102,210
FinUp.LogData.Api,Log/SystemList,POST,LogController,SystemList,FinUp.LogData.Api/Controllers/LogController.cs:85,212
FinUp.Mars.Api,api/v1.0/Expression,GET,ExpressionController,Get,FinUp.Mars.Api/Controllers/v1_0/ExpressionController.cs:25,213
FinUp.Mars.Api,api/v1.0/Home,GET,HomeController,Index,FinUp.Mars.Api/Controllers/v1_0/HomeController.cs:25,214
FinUp.Mars.Api,api/v1.0/Images/themeus,GET,ImagesController,Index,FinUp.Mars.Api/Controllers/v1_0/ImagesController.cs:16,215
FinUp.Mars.Api,api/v1.0/Search/history,GET,SearchController,GetUserSearchHistory,FinUp.Mars.Api/Controllers/v1_0/SearchController.cs:105,216
FinUp.Mars.Api,api/v1.0/Search/history/exp/{expressionIdx},GET,SearchController,GetUserSearchHistory,FinUp.Mars.Api/Controllers/v1_0/SearchController.cs:116,217
FinUp.Mars.Api,api/v1.0/Search/history/{userStockSearchIdx},DELETE,SearchController,DeleteUserSearchHistory,FinUp.Mars.Api/Controllers/v1_0/SearchController.cs:93,218
FinUp.Mars.Api,api/v1.0/Search/stock/{code},GET,SearchController,GetStock,FinUp.Mars.Api/Controllers/v1_0/SearchController.cs:35,219
FinUp.Mars.Api,api/v1.0/Search/stock/{code}/exp/{expressoinIdx},GET,SearchController,GetExpressionResultStock,FinUp.Mars.Api/Controllers/v1_0/SearchController.cs:63,220
FinUp.Mars.Api,api/v1.0/Search/ticker/{code},GET,SearchController,GetTicker,FinUp.Mars.Api/Controllers/v1_0/SearchController.cs:49,221
FinUp.Mars.Api,api/v1.0/Search/ticker/{code}/exp/{expressoinIdx},GET,SearchController,GetExpressionResultTicker,FinUp.Mars.Api/Controllers/v1_0/SearchController.cs:78,222
FinUp.Mars.Api,api/v1.0/Search/{name},GET,SearchController,Search,FinUp.Mars.Api/Controllers/v1_0/SearchController.cs:29,223
FinUp.Mars.Api,api/v1.0/Video,POST,VideoController,Get,FinUp.Mars.Api/Controllers/v1_0/VideoController.cs:16,224
FinUp.Mars.Api,api/v1.0/WeatherForecast,GET,WeatherForecastController,Get,FinUp.Mars.Api/Controllers/v1_0/WeatherForecastController.cs:28,225
FinUp.Mars.Api,api/v1.0/WeatherForecast,POST,WeatherForecastController,Post,FinUp.Mars.Api/Controllers/v1_0/WeatherForecastController.cs:40,226
FinUp.Radar.Api,api/Web,GET,WebController,getIssueKeyword,FinUp.Radar.Api/Controllers/WebController.cs:23,231
FinUp.Radar.Api,api/Web,GET,WebController,getKeywordPriceDetail,FinUp.Radar.Api/Controllers/WebController.cs:104,232
FinUp.Radar.Api,Cache/CacheCheck,GET,CacheController,SetCache,FinUp.Radar.Api/Controllers/CacheController.cs:53,233
FinUp.Radar.Api,Cache/setCacheGet,GET,CacheController,setCacheGet,FinUp.Radar.Api/Controllers/CacheController.cs:116,236
FinUp.Radar.Api,Cache/Update,GET,CacheController,Update,FinUp.Radar.Api/Controllers/CacheController.cs:158,238
FinUp.Radar.Api,Engine/KeywordData,GET,EngineController,GetKeywordData,FinUp.Radar.Api/Controllers/EngineController.cs:18,241
FinUp.Radar.Api,getUserIp,GET,AppController,getUserIp,FinUp.Radar.Api/Controllers/AppController.cs:338,244
FinUp.Radar.Api,sendThemeLogToTelegramTest,GET,AppController,sendThemeLogToTelegramTest,FinUp.Radar.Api/Controllers/AppController.cs:480,246
FinUp.Radar.Api,setThemeLogCache,GET,AppController,setThemeLogCache,FinUp.Radar.Api/Controllers/AppController.cs:429,249
FinUp.Stock.Api,api/ban/banuser,POST,ReportController,BanUser,FinUp.Stock.Api/Controllers/ReportController.cs:46,253
FinUp.Stock.Api,api/ban/cancelbanuser,POST,ReportController,CancelBanUser,FinUp.Stock.Api/Controllers/ReportController.cs:64,254
FinUp.Stock.Api,api/chat/homelogin,GET,ChatController,GetHomeLogin,FinUp.Stock.Api/Controllers/ChatController.cs:168,255
FinUp.Stock.Api,api/chat/mentors,GET,ChatController,GetChatMentorList,FinUp.Stock.Api/Controllers/ChatController.cs:286,256
FinUp.Stock.Api,api/chat/portfolio,GET,ChatController,GetPortfolio,FinUp.Stock.Api/Controllers/ChatController.cs:1270,257
FinUp.Stock.Api,api/chat/portfolio/signals,GET,ChatController,GetPortfolioSignals,FinUp.Stock.Api/Controllers/ChatController.cs:1326,258
FinUp.Stock.Api,api/chat/portfolioas,DELETE,ChatController,DeletePortfolioAs,FinUp.Stock.Api/Controllers/ChatController.cs:1641,259
FinUp.Stock.Api,api/chat/portfolioas,GET,ChatController,GetAsDetail,FinUp.Stock.Api/Controllers/ChatController.cs:1439,260
FinUp.Stock.Api,api/chat/portfolioas,POST,ChatController,InsertAsAsync,FinUp.Stock.Api/Controllers/ChatController.cs:1555,261
FinUp.Stock.Api,api/chat/portfolioas,PATCH,ChatController,UpdateAsAsync,FinUp.Stock.Api/Controllers/ChatController.cs:1479,262
FinUp.Stock.Api,api/chat/portfolioas/list,GET,ChatController,GetAsListPaging,FinUp.Stock.Api/Controllers/ChatController.cs:1411,263
FinUp.Stock.Api,api/chat/robo-popup,GET,ChatController,GetRoboPopupAsync,FinUp.Stock.Api/Controllers/ChatController.cs:2452,264
FinUp.Stock.Api,api/chat/robo/favorite,GET,ChatController,GetRoboFavoriteList,FinUp.Stock.Api/Controllers/ChatController.cs:2377,265
FinUp.Stock.Api,api/chat/robo/favorite,POST,ChatController,ProcessRoboRecommandFavorite,FinUp.Stock.Api/Controllers/ChatController.cs:2325,266
FinUp.Stock.Api,api/chat/robo/search,GET,ChatController,SearchRoboRecommandList,FinUp.Stock.Api/Controllers/ChatController.cs:2350,267
FinUp.Stock.Api,api/chat/signal/edit,PATCH,ChatController,UpdateLastSignal,FinUp.Stock.Api/Controllers/ChatController.cs:1990,269
FinUp.Stock.Api,api/chat/signal/edit/preprocess,GET,ChatController,CheckLastSignal,FinUp.Stock.Api/Controllers/ChatController.cs:2402,270
FinUp.Stock.Api,api/chat/signal/last,POST,ChatController,PostLastSignalAsync,FinUp.Stock.Api/Controllers/ChatController.cs:590,271
FinUp.Stock.Api,api/chat/signal/list,GET,ChatController,GetSignalList,FinUp.Stock.Api/Controllers/ChatController.cs:1357,272
FinUp.Stock.Api,api/chat/signal/robo/list,GET,ChatController,GetRoboSignalsAsync,FinUp.Stock.Api/Controllers/ChatController.cs:1091,276
FinUp.Stock.Api,api/chat/signalcodes,GET,ChatController,GetStockSignalCodes,FinUp.Stock.Api/Controllers/ChatController.cs:266,277
FinUp.Stock.Api,api/chat/update,GET,ChatController,UpdateChat,FinUp.Stock.Api/Controllers/ChatController.cs:569,278
FinUp.Stock.Api,api/chat/user,GET,ChatController,GetChatUserAsync,FinUp.Stock.Api/Controllers/ChatController.cs:2468,279
FinUp.Stock.Api,api/chat/user/coupon,GET,ChatController,GetUserChatCouponStatus,FinUp.Stock.Api/Controllers/ChatController.cs:246,280
FinUp.Stock.Api,api/chat/version,GET,ChatController,GetVersion,FinUp.Stock.Api/Controllers/ChatController.cs:547,281
FinUp.Stock.Api,api/chat/weblogin,GET,ChatController,GetUserWebLogin,FinUp.Stock.Api/Controllers/ChatController.cs:120,282
FinUp.Stock.Api,api/contents/freechat,POST,ChatController,JoinFreeChat,FinUp.Stock.Api/Controllers/ChatController.cs:315,284
FinUp.Stock.Api,api/contents/freechat,DELETE,ChatController,OutFreeChat,FinUp.Stock.Api/Controllers/ChatController.cs:504,285
FinUp.Stock.Api,api/Home,GET,HomeController,Index,FinUp.Stock.Api/Controllers/HomeController.cs:15,286
FinUp.Stock.Api,api/Join,POST,JoinController,GetCertify,FinUp.Stock.Api/Controllers/JoinController.cs:45,287
FinUp.Stock.Api,api/Join,GET,JoinController,GetPhoneCount,FinUp.Stock.Api/Controllers/JoinController.cs:18,288
FinUp.Stock.Api,api/Join,GET,JoinController,SendCertifyEmail,FinUp.Stock.Api/Controllers/JoinController.cs:29,289
FinUp.Stock.Api,api/Join,GET,JoinController,SendCertifyEmailUser,FinUp.Stock.Api/Controllers/JoinController.cs:37,290
FinUp.Stock.Api,api/Pay,POST,PayController,PointPay,FinUp.Stock.Api/Controllers/PayController.cs:24,291
FinUp.Stock.Api,api/report/user,POST,ReportController,ReportUser,FinUp.Stock.Api/Controllers/ReportController.cs:19,292
FinUp.Stock.Api,api/Tag,GET,TagController,AutoComplete,FinUp.Stock.Api/Controllers/TagController.cs:19,293
FinUp.Stock.Api,api/user/alarmlist,GET,UserController,GetUserAlarmList,FinUp.Stock.Api/Controllers/UserController.cs:43,295
FinUp.Stock.Api,api/vms/schedules/{id}/vods,POST,VMSController,schedulesVod,FinUp.Stock.Api/Controllers/VMSController.cs:23,296
FinUp.Stock.Api,api/Vod,GET,VodController,SetVodPlay,FinUp.Stock.Api/Controllers/VodController.cs:309,297
FinUp.Stock.Api,api/Vod,POST,VodController,SetVodPlay,FinUp.Stock.Api/Controllers/VodController.cs:369,298
FinUp.Stock.Api,api/Vod,GET,VodController,SetVodRec,FinUp.Stock.Api/Controllers/VodController.cs:338,299
FinUp.Stock.Api,api/Vod,POST,VodController,SetVodRec,FinUp.Stock.Api/Controllers/VodController.cs:382,300
FinUp.Stock.Api,api/Vod,GET,VodController,VideoAuth,FinUp.Stock.Api/Controllers/VodController.cs:400,301
FinUp.Stock.Api,api/Vod,POST,VodController,accounts,FinUp.Stock.Api/Controllers/VodController.cs:182,302
FinUp.Stock.Api,api/Vod,POST,VodController,schedules,FinUp.Stock.Api/Controllers/VodController.cs:27,303
FinUp.Stock.Api,api/vod/accounts/{id}/checking_paid,POST,VodController,accountsCheckingPaid,FinUp.Stock.Api/Controllers/VodController.cs:251,304
FinUp.Stock.Api,api/vod/schedules/{id}/vods,POST,VodController,schedulesVod,FinUp.Stock.Api/Controllers/VodController.cs:95,305
FinUp.Stock.Scraper.Api,Url/Delay,POST,UrlController,Delay,FinUp.Stock.Scraper/FinUp.Stock.Scraper.Api/Controllers/UrlController.cs:46,306
FinUp.Stock.Scraper.Api,Url/List/Parse,POST,UrlController,ParseList,FinUp.Stock.Scraper/FinUp.Stock.Scraper.Api/Controllers/UrlController.cs:38,307
FinUp.Stock.Scraper.Api,Url/Parse,POST,UrlController,Parse,FinUp.Stock.Scraper/FinUp.Stock.Scraper.Api/Controllers/UrlController.cs:30,308
FinUp.StockData.Price.Api,api/alarm/alarm-history-issue-theme,GET,RadarAlarmController,GetIssueThemeList,FinUp.StockData.Price.Api/Controllers/RadarAlarmController.cs:77,309
FinUp.StockData.Price.Api,api/alarm/alarm-history-stock-signal/{type},GET,RadarAlarmController,GetStockSignalList,FinUp.StockData.Price.Api/Controllers/RadarAlarmController.cs:99,310
FinUp.StockData.Price.Api,api/alarm/alarm-list,GET,RadarAlarmController,GetServiceList,FinUp.StockData.Price.Api/Controllers/RadarAlarmController.cs:29,311
FinUp.StockData.Price.Api,api/chart/lw/theme,GET,ChartController,GetThemeChartAsync,FinUp.StockData.Price.Api/Controllers/ChartController.cs:165,315
FinUp.StockData.Price.Api,api/chart/nvd3/minutes/{code}/{minutes},GET,PriceController,GetCandleAllChart,FinUp.StockData.Price.Api/Controllers/PriceController.cs:163,316
FinUp.StockData.Price.Api,api/chart/stockDeposit,GET,ChartController,StockDepositTrend,FinUp.StockData.Price.Api/Controllers/ChartController.cs:145,318
FinUp.StockData.Price.Api,api/chart/themeday,GET,ChartController,ThemeDay,FinUp.StockData.Price.Api/Controllers/ChartController.cs:155,319
FinUp.StockData.Price.Api,api/data/currenthoga/{code},GET,DataController,GetCurrentHoga,FinUp.StockData.Price.Api/Controllers/DataController.cs:101,321
FinUp.StockData.Price.Api,api/data/hoga/last/{code}/{day}/{time}/{count},GET,DataController,GetLastHoga,FinUp.StockData.Price.Api/Controllers/DataController.cs:31,324
FinUp.StockData.Price.Api,api/data/hoga/{code}/{day}/{start}/{end},GET,DataController,GetHoga,FinUp.StockData.Price.Api/Controllers/DataController.cs:87,325
FinUp.StockData.Price.Api,api/data/marketopen/{isRealTime},GET,DataController,IsTodayMarketOpen,FinUp.StockData.Price.Api/Controllers/DataController.cs:244,326
FinUp.StockData.Price.Api,api/data/price/last/{code}/{day}/{time}/{count},GET,DataController,GetLastPrice,FinUp.StockData.Price.Api/Controllers/DataController.cs:74,327
FinUp.StockData.Price.Api,api/data/price/{code}/{day}/{start}/{end},GET,DataController,GetPrice,FinUp.StockData.Price.Api/Controllers/DataController.cs:115,328
FinUp.StockData.Price.Api,api/data/trader/last/{code}/{day}/{time}/{count},GET,DataController,GetLastTrader,FinUp.StockData.Price.Api/Controllers/DataController.cs:52,330
FinUp.StockData.Price.Api,api/data/trader/{code}/{day}/{start}/{end},GET,DataController,GetTrader,FinUp.StockData.Price.Api/Controllers/DataController.cs:129,331
FinUp.StockData.Price.Api,api/data/traderday/{code}/{startday}/{endday},GET,DataController,GetTraderDay,FinUp.StockData.Price.Api/Controllers/DataController.cs:171,332
FinUp.StockData.Price.Api,api/data/traderlast/{code}/{day}/{end},GET,DataController,GetTraderLast,FinUp.StockData.Price.Api/Controllers/DataController.cs:143,333
FinUp.StockData.Price.Api,api/data/vi/{code}/{date},GET,DataController,GetStockVIs,FinUp.StockData.Price.Api/Controllers/DataController.cs:217,334
FinUp.StockData.Price.Api,api/keyword/news/summary-search,POST,KeywordController,GetThemeNewsSummarySearch,FinUp.StockData.Price.Api/Controllers/KeywordController.cs:371,339
FinUp.StockData.Price.Api,api/keyword/stock/golden-signal-form/{stockCode},GET,KeywordController,GetGoldenSignalStockData,FinUp.StockData.Price.Api/Controllers/KeywordController.cs:163,340
FinUp.StockData.Price.Api,api/keyword/stock/holder/{stockCode},GET,KeywordController,GetStockHolder,FinUp.StockData.Price.Api/Controllers/KeywordController.cs:189,341
FinUp.StockData.Price.Api,api/keyword/stock/industry/stock/{stockCode},GET,KeywordController,GetStockRelationIndustry,FinUp.StockData.Price.Api/Controllers/KeywordController.cs:262,342
FinUp.StockData.Price.Api,api/keyword/stock/industry/{industryidx}/{stockcode},GET,KeywordController,GetIndustryRelationStockAsync,FinUp.StockData.Price.Api/Controllers/KeywordController.cs:85,343
FinUp.StockData.Price.Api,api/keyword/stock/ranking/{type},GET,KeywordController,GetStockRanking,FinUp.StockData.Price.Api/Controllers/KeywordController.cs:214,344
FinUp.StockData.Price.Api,api/keyword/stock/theme/{stockCode},GET,KeywordController,GetStockRelationTheme,FinUp.StockData.Price.Api/Controllers/KeywordController.cs:238,345
FinUp.StockData.Price.Api,api/keyword/theme/diff/{keywordidx},GET,KeywordController,GetThemeDiff,FinUp.StockData.Price.Api/Controllers/KeywordController.cs:287,346
FinUp.StockData.Price.Api,api/keyword/theme/similarity/{keywordidx},GET,KeywordController,GetKeywordSimilarityTheme,FinUp.StockData.Price.Api/Controllers/KeywordController.cs:137,347
FinUp.StockData.Price.Api,api/keyword/theme/stock/{keywordidx},GET,KeywordController,GetThemeRelationStock,FinUp.StockData.Price.Api/Controllers/KeywordController.cs:342,348
FinUp.StockData.Price.Api,api/news-contents/board,GET,NewsContentsController,UploadNewsContentsBoard,FinUp.StockData.Price.Api/Controllers/NewsContentsController.cs:36,351
FinUp.StockData.Price.Api,api/news/news_market_issue/{type},GET,RadarAlarmController,GetServiceList,FinUp.StockData.Price.Api/Controllers/RadarAlarmController.cs:55,352
FinUp.StockData.Price.Api,api/prevday/{date}/{code},GET,PriceController,GetPrevDay,FinUp.StockData.Price.Api/Controllers/PriceController.cs:358,356
FinUp.StockData.Price.Api,api/price/highlow/{code}/{from},GET,PriceController,GetHighLow,FinUp.StockData.Price.Api/Controllers/PriceController.cs:180,358
FinUp.StockData.Price.Api,api/price/highlowlist,POST,PriceController,GetHighLowList,FinUp.StockData.Price.Api/Controllers/PriceController.cs:259,359
FinUp.StockData.Price.Api,api/price/highlowvalue/{code}/{from},GET,PriceController,GetHighLowValue,FinUp.StockData.Price.Api/Controllers/PriceController.cs:218,360
FinUp.StockData.Price.Api,api/price/minutes/{code}/{from}/{to},GET,PriceController,GetMinutes,FinUp.StockData.Price.Api/Controllers/PriceController.cs:510,362
FinUp.StockData.Price.Api,api/price/tradesummary/{code}/{from}/{to},GET,PriceController,GetPriceSummary,FinUp.StockData.Price.Api/Controllers/PriceController.cs:500,365
FinUp.StockData.Price.Api,api/pricelist,POST,PriceController,GetPriceList,FinUp.StockData.Price.Api/Controllers/PriceController.cs:64,367
FinUp.StockData.Price.Api,api/priceliststock/{code},GET,PriceController,GetPriceListStock,FinUp.StockData.Price.Api/Controllers/PriceController.cs:388,368
FinUp.StockData.Price.Api,api/pricemonitor/chart/price,POST,PriceMonitorController,GetStockPriceChart,FinUp.StockData.Price.Api/Controllers/PriceMonitorController.cs:191,370
FinUp.StockData.Price.Api,api/pricemonitor/paging,POST,PriceMonitorController,GetPriceMonitorPaging,FinUp.StockData.Price.Api/Controllers/PriceMonitorController.cs:139,372
FinUp.StockData.Price.Api,api/pricemonitor/preopen,GET,PriceMonitorController,IsPreMarketOpen,FinUp.StockData.Price.Api/Controllers/PriceMonitorController.cs:282,373
FinUp.StockData.Price.Api,api/pricemonitor/stock,POST,PriceMonitorController,GetPriceMonitorStockPaging,FinUp.StockData.Price.Api/Controllers/PriceMonitorController.cs:111,375
FinUp.StockData.Price.Api,api/pricemonitor/stock,GET,PriceMonitorController,GetStock,FinUp.StockData.Price.Api/Controllers/PriceMonitorController.cs:37,376
FinUp.StockData.Price.Api,api/pricemonitor/stock/set,GET,PriceMonitorController,SetStock,FinUp.StockData.Price.Api/Controllers/PriceMonitorController.cs:23,377
FinUp.StockData.Price.Api,api/stock/calendar,GET,KeywordController,GetStockOpenDateAsync,FinUp.StockData.Price.Api/Controllers/KeywordController.cs:60,379
FinUp.StockData.Price.Api,api/themelog/keyword/Diff,POST,ThemeLogController,GetThemelogKeywordDiffList,FinUp.StockData.Price.Api/Controllers/ThemeLogController.cs:157,383
FinUp.StockData.Price.Api,api/themelog/keyword/rank,GET,ThemeLogController,GetThemelogKeywordRank,FinUp.StockData.Price.Api/Controllers/ThemeLogController.cs:125,384
FinUp.StockData.Price.Api,api/themelog/keyword/relation-stocks,POST,ThemeLogController,GetThemeLogRelationStocks,FinUp.StockData.Price.Api/Controllers/ThemeLogController.cs:141,385
FinUp.StockData.Price.Api,api/ThemeLog/play,POST,ThemeLogController,GetThemePlay,FinUp.StockData.Price.Api/Controllers/ThemeLogController.cs:91,386
FinUp.StockData.Price.Api,api/ThemeLog/play/info,POST,ThemeLogController,GetThemePlayInfo,FinUp.StockData.Price.Api/Controllers/ThemeLogController.cs:80,387
FinUp.StockData.Price.Api,api/ThemeRelationStock,POST,ThemeLogController,GetThemeRelationStock,FinUp.StockData.Price.Api/Controllers/ThemeLogController.cs:41,389
FinUp.StockData.Price.Api,api/tv/config,GET,TradingViewController,GetConfig,FinUp.StockData.Price.Api/Controllers/TradingViewController.cs:21,390
FinUp.StockData.Price.Api,api/tv/symbol_info,GET,TradingViewController,GetSymbolInfo,FinUp.StockData.Price.Api/Controllers/TradingViewController.cs:45,393
FinUp.StockData.Price.Api,api/tv/symbols,GET,TradingViewController,GetSymbols,FinUp.StockData.Price.Api/Controllers/TradingViewController.cs:57,394
FinUp.StockData.Price.Api,api/tv/time,GET,TradingViewController,GetTime,FinUp.StockData.Price.Api/Controllers/TradingViewController.cs:105,395
FinUp.StockData.Price.Api,api/v2/chart/lw/theme,GET,ChartController,GetThemeChartAsync_v2,FinUp.StockData.Price.Api/Controllers/ChartController.cs:238,396
FinUp.StockData.Price.Api,api/v2/tv/marks,GET,TradingViewController,GetMarks,FinUp.StockData.Price.Api/Controllers/TradingViewController.cs:115,398
FinUp.StockData.Price.Api,api/v2/tv/ticker/history,GET,TradingViewTickerController,GetHistoryV2,FinUp.StockData.Price.Api/Controllers/TradingViewTickerController.cs:32,399
FinUp.StockData.Price.Api,api/v3/tv/history,GET,TradingViewController,GetHistoryV3,FinUp.StockData.Price.Api/Controllers/TradingViewController.cs:239,400
FinUp.StockData.Price.Api,api/v3/tv/marks,GET,TradingViewController,GetMarks,FinUp.StockData.Price.Api/Controllers/TradingViewController.cs:115,401
FinUp.StockData.Price.Api.Channel,api/price/connect,GET,PriceController,ConnectByGet,FinUp.StockData.Price.Api.Channel/Controllers/PriceController.cs:23,403
FinUp.StockData.Price.Api.RealTime,api/Cache/price,GET,CacheController,GetAll,FinUp.StockData.Price.Api.RealTime/Controllers/Legacy/CacheController.cs:31,404
FinUp.StockData.Price.Api.RealTime,api/Cache/price/schedule,GET,CacheController,SchedulePrice,FinUp.StockData.Price.Api.RealTime/Controllers/Legacy/CacheController.cs:44,405
FinUp.StockData.Price.Api.RealTime,api/Cache/price/{code},GET,CacheController,Get,FinUp.StockData.Price.Api.RealTime/Controllers/Legacy/CacheController.cs:35,406
FinUp.StockData.Price.Api.RealTime,api/Policy/reset,GET,PolicyController,Reset,FinUp.StockData.Price.Api.RealTime/Controllers/Legacy/PolicyController.cs:27,407
FinUp.StockData.Price.Api.RealTime,api/Policy/{path?},GET,PolicyController,Get,FinUp.StockData.Price.Api.RealTime/Controllers/Legacy/PolicyController.cs:23,408
FinUp.StockData.Price.Api.RealTime,api/Scope,GET,ScopeController,GetAll,FinUp.StockData.Price.Api.RealTime/Controllers/Legacy/ScopeController.cs:34,409
FinUp.StockData.Price.Api.RealTime,api/Scope/count,GET,ScopeController,GetScopeCount,FinUp.StockData.Price.Api.RealTime/Controllers/Legacy/ScopeController.cs:46,410
FinUp.StockData.Price.Api.RealTime,api/Scope/count/interval,GET,ScopeController,GetScopeCountInterval,FinUp.StockData.Price.Api.RealTime/Controllers/Legacy/ScopeController.cs:50,411
FinUp.StockData.Price.Api.RealTime,api/Scope/count/realtime,GET,ScopeController,GetScopeCountRealtime,FinUp.StockData.Price.Api.RealTime/Controllers/Legacy/ScopeController.cs:54,412
FinUp.StockData.Price.Api.RealTime,api/Scope/id/{id},GET,ScopeController,GetScope,FinUp.StockData.Price.Api.RealTime/Controllers/Legacy/ScopeController.cs:38,413
FinUp.StockData.Price.Api.RealTime,api/Scope/ip/{ip},GET,ScopeController,GetScopeIP,FinUp.StockData.Price.Api.RealTime/Controllers/Legacy/ScopeController.cs:42,414
FinUp.StockData.Price.Api.RealTime,api/Sse,GET,SseController,Get,FinUp.StockData.Price.Api.RealTime/Controllers/Legacy/SseController.cs:40,415
FinUp.StockData.Price.Api.RealTime,api/Sse/test/eventstream,GET,SseController,TestEventstream,FinUp.StockData.Price.Api.RealTime/Controllers/Legacy/SseController.cs:159,416
FinUp.StockData.Price.Api.RealTime,api/v1.0/Cache/price,GET,CacheController,GetAll,FinUp.StockData.Price.Api.RealTime/Controllers/v1_0/CacheController.cs:31,417
FinUp.StockData.Price.Api.RealTime,api/v1.0/Cache/price/schedule,GET,CacheController,SchedulePrice,FinUp.StockData.Price.Api.RealTime/Controllers/v1_0/CacheController.cs:65,418
FinUp.StockData.Price.Api.RealTime,api/v1.0/Cache/price/{code},GET,CacheController,Get,FinUp.StockData.Price.Api.RealTime/Controllers/v1_0/CacheController.cs:35,419
FinUp.StockData.Price.Api.RealTime,api/v1.0/Sse,GET,SseController,Get,FinUp.StockData.Price.Api.RealTime/Controllers/v1_0/SseController.cs:63,420
FinUp.StockData.Price.Api.RealTime,api/v1.0/Sse/price/{code},GET,SseController,Get,FinUp.StockData.Price.Api.RealTime/Controllers/v1_0/SseController.cs:221,421
