project,url,class,method,http,file,line,source
FinUp.Auth.Api,api/auth/active,AuthController,IsActive,GET,FinUp.Auth.Api/Controllers/AuthController.cs,289,attribute
FinUp.Auth.Api,api/auth/app,AuthController,GetAuthApp,POST,FinUp.Auth.Api/Controllers/AuthController.cs,122,attribute
FinUp.Auth.Api,api/auth/app/apptoken,AuthController,GetAuthAppToken,POST,FinUp.Auth.Api/Controllers/AuthController.cs,31,attribute
FinUp.Auth.Api,api/auth/app/jwt,AuthController,GetAuthSimpleJwt,POST,FinUp.Auth.Api/Controllers/AuthController.cs,76,attribute
FinUp.Auth.Api,api/auth/autologin,AuthController,GetAuthAutoLogin,POST,FinUp.Auth.Api/Controllers/AuthController.cs,243,attribute
FinUp.Auth.Api,api/auth/logout,AuthController,Logout,GET,FinUp.Auth.Api/Controllers/AuthController.cs,264,attribute
FinUp.Auth.Api,api/auth/refresh,AuthController,GetAuthRefresh,POST,FinUp.Auth.Api/Controllers/AuthController.cs,192,attribute
FinUp.Auth.Api,api/auth/test,AuthController,TestToken,GET,FinUp.Auth.Api/Controllers/AuthController.cs,252,attribute
FinUp.Auth.Api,api/check/health,CheckController,Check,GET,FinUp.Auth.Api/Controllers/CheckController.cs,12,attribute
FinUp.Auth.Api,api/Home,HomeController,Index,GET,FinUp.Auth.Api/Controllers/HomeController.cs,9,conventional
FinUp.Chat.Api,api/app/chat,AppController,ChatNoneAuth,(unspecified),FinUp.Chat.Api/Controllers/AppController.Chat.cs,41,attribute
FinUp.Chat.Api,api/app/chat/alarmlist,AppController,Alarm,(unspecified),FinUp.Chat.Api/Controllers/AppController.Chat.cs,1057,attribute
FinUp.Chat.Api,api/app/chat/auth,AppController,ChatAuth,(unspecified),FinUp.Chat.Api/Controllers/AppController.Chat.cs,109,attribute
FinUp.Chat.Api,api/app/chat/auth/last/signal,AppController,ChatAuthLastSignalProcess,(unspecified),FinUp.Chat.Api/Controllers/AppController.Chat.cs,404,attribute
FinUp.Chat.Api,api/app/chat/auth/signal/edit,AppController,ChatAuthSignalEditProcess,(unspecified),FinUp.Chat.Api/Controllers/AppController.Chat.cs,421,attribute
FinUp.Chat.Api,api/app/chat/auth/signal/edit/preprocess,AppController,ChatAuthSignalEditPreprocess,(unspecified),FinUp.Chat.Api/Controllers/AppController.Chat.cs,437,attribute
FinUp.Chat.Api,api/app/chat/bannedword/refresh,AppController,RefreshChatBannedWord,GET,FinUp.Chat.Api/Controllers/AppController.Chat.cs,755,attribute
FinUp.Chat.Api,api/app/chat/banner,AppController,ChatBannerList,(unspecified),FinUp.Chat.Api/Controllers/AppController.Chat.cs,972,attribute
FinUp.Chat.Api,api/app/chat/cacheload,AppController,ChatCacheReload,GET,FinUp.Chat.Api/Controllers/AppController.Chat.cs,710,attribute
FinUp.Chat.Api,api/app/chat/cacheload,AppController,ChatCacheReloadChat,GET,FinUp.Chat.Api/Controllers/AppController.Chat.cs,733,attribute
FinUp.Chat.Api,api/app/chat/device,AppController,ChatDevice,(unspecified),FinUp.Chat.Api/Controllers/AppController.Chat.cs,914,attribute
FinUp.Chat.Api,api/app/chat/emoticon,AppController,Emoticon,GET,FinUp.Chat.Api/Controllers/AppController.Chat.cs,1048,attribute
FinUp.Chat.Api,api/app/chat/favorite,AppController,ChatFavorite,(unspecified),FinUp.Chat.Api/Controllers/AppController.Chat.cs,938,attribute
FinUp.Chat.Api,api/app/chat/filedownload,AppController,FileDownload,GET,FinUp.Chat.Api/Controllers/AppController.Chat.cs,666,attribute
FinUp.Chat.Api,api/app/chat/files,AppController,ChatAuthFiles,(unspecified),FinUp.Chat.Api/Controllers/AppController.Chat.cs,373,attribute
FinUp.Chat.Api,api/app/chat/filespaging,AppController,ChatAuthFilesPaging,(unspecified),FinUp.Chat.Api/Controllers/AppController.Chat.cs,456,attribute
FinUp.Chat.Api,api/app/chat/fileupload,AppController,FileUpload,(unspecified),FinUp.Chat.Api/Controllers/AppController.Chat.cs,484,attribute
FinUp.Chat.Api,api/app/chat/fileuploaddoc,AppController,FileUploadDoc,(unspecified),FinUp.Chat.Api/Controllers/AppController.Chat.cs,592,attribute
FinUp.Chat.Api,api/app/chat/homelogin,AppController,ChatMentorWebLogin,(unspecified),FinUp.Chat.Api/Controllers/AppController.Chat.cs,894,attribute
FinUp.Chat.Api,api/app/chat/hostroute,AppController,HostRoute,POST,FinUp.Chat.Api/Controllers/AppController.Chat.cs,778,attribute
FinUp.Chat.Api,api/app/chat/log,AppController,ChatLog,(unspecified),FinUp.Chat.Api/Controllers/AppController.Chat.cs,1005,attribute
FinUp.Chat.Api,api/app/chat/logout,AppController,Logout,GET,FinUp.Chat.Api/Controllers/AppController.Chat.cs,84,attribute
FinUp.Chat.Api,api/app/chat/mentor,AppController,ChatMentor,(unspecified),FinUp.Chat.Api/Controllers/AppController.Chat.cs,957,attribute
FinUp.Chat.Api,api/app/chat/profile,AppController,ChstUserProfile,(unspecified),FinUp.Chat.Api/Controllers/AppController.Chat.cs,810,attribute
FinUp.Chat.Api,api/app/chat/subscribe/{userIdx}/{cIdx},AppController,AddSubscribe,GET,FinUp.Chat.Api/Controllers/AppController.Chat.cs,987,attribute
FinUp.Chat.Api,api/app/chat/subscribecancel/{userIdx}/{chatIdx},AppController,CacnelSubscribe,GET,FinUp.Chat.Api/Controllers/AppController.Chat.cs,997,attribute
FinUp.Chat.Api,api/app/chat/update,AppController,Update,GET,FinUp.Chat.Api/Controllers/AppController.Chat.cs,858,attribute
FinUp.Chat.Api,api/app/chat/version,AppController,Version,GET,FinUp.Chat.Api/Controllers/AppController.Chat.cs,831,attribute
FinUp.Chat.Api,api/app/chat/weblogin,AppController,ChatUserWebLogin,(unspecified),FinUp.Chat.Api/Controllers/AppController.Chat.cs,872,attribute
FinUp.Chat.Api,api/check/health,CheckController,HealthCheck,GET,FinUp.Chat.Api/Controllers/CheckController.cs,11,attribute
FinUp.Chat.Api,api/contents/freechatout,ContentsController,FreeChatOut,POST,FinUp.Chat.Api/Controllers/ContentsController.cs,73,attribute
FinUp.Chat.Api,api/contents/freechatsubscribe,ContentsController,FreeChatSubscribe,POST,FinUp.Chat.Api/Controllers/ContentsController.cs,32,attribute
FinUp.Chat.Api,api/popup/list,PopupController,GetPopupListAsync,POST,FinUp.Chat.Api/Controllers/PopupController.cs,24,attribute
FinUp.Chat.Api,api/report,ReportController,PostReport,POST,FinUp.Chat.Api/Controllers/ReportController.cs,25,attribute
FinUp.Chat.Api,api/room/refresh/{chatIdx},RoomController,RefreshChatRoomAsync,GET,FinUp.Chat.Api/Controllers/RoomController.cs,15,attribute
FinUp.Chat.Api.Badge,api/badge/count,BadgeController,Count,(unspecified),FinUp.Chat.Api.Badge/Controllers/BadgeController.cs,43,attribute
FinUp.Chat.Api.Badge,api/badge/init,BadgeController,Init,(unspecified),FinUp.Chat.Api.Badge/Controllers/BadgeController.cs,21,attribute
FinUp.Chat.Api.Badge,api/check/health,CheckController,Check,GET,FinUp.Chat.Api.Badge/Controllers/CheckController.cs,15,attribute
FinUp.Chat.Api.Badge,api/Home,HomeController,Index,GET,FinUp.Chat.Api.Badge/Controllers/HomeController.cs,12,conventional
FinUp.Chat.Api.Channel,api/Chat/Connect,ChatController,Connect,GET,FinUp.Chat.Api.Channel/Controllers/ChatController.cs,61,conventional
FinUp.Chat.Api.Channel,api/Chat/ConnectByGet,ChatController,ConnectByGet,GET,FinUp.Chat.Api.Channel/Controllers/ChatController.cs,31,conventional
FinUp.Chat.Api.Channel,api/Chat/Count,ChatController,Count,GET,FinUp.Chat.Api.Channel/Controllers/ChatController.cs,78,conventional
FinUp.Chat.Api.Channel,WeatherForecast,WeatherForecastController,Get,GET,FinUp.Chat.Api.Channel/Controllers/WeatherForecastController.cs,27,conventional
FinUp.Chat.NET.Api,api/Check,CheckController,CheckDB,GET,FinUp.Chat.NET.Api/Controllers/CheckController.cs,21,conventional
FinUp.Chat.NET.Api,api/v1.0/Auth,AuthController,GetAuth,POST,FinUp.Chat.NET.Api/Controllers/v1_0/AuthController.cs,34,conventional
FinUp.Chat.NET.Api,api/v1.0/Auth/refresh,AuthController,GetAuthRefresh,POST,FinUp.Chat.NET.Api/Controllers/v1_0/AuthController.cs,68,attribute
FinUp.Chat.NET.Api,api/v1.0/Auth/refresh:noneactive,AuthController,GetAuthRefreshNoneActive,POST,FinUp.Chat.NET.Api/Controllers/v1_0/AuthController.cs,85,attribute
FinUp.Chat.NET.Api,api/v1.0/Auth/token,AuthController,GetAuthToken,POST,FinUp.Chat.NET.Api/Controllers/v1_0/AuthController.cs,51,attribute
FinUp.Chat.NET.Api,api/v1.0/Banner,BannerController,GetAsync,GET,FinUp.Chat.NET.Api/Controllers/v1_0/BannerController.cs,28,conventional
FinUp.Chat.NET.Api,api/v1.0/banword:refresh,BanwordController,RefreshAsync,PATCH,FinUp.Chat.NET.Api/Controllers/v1_0/BanwordController.cs,24,attribute
FinUp.Chat.NET.Api,api/v1.0/Cache,CacheController,Load,GET,FinUp.Chat.NET.Api/Controllers/v1_0/CacheController.cs,29,conventional
FinUp.Chat.NET.Api,api/v1.0/Cache/chat/{chatidx}/messages,CacheController,LoadChatMessage,GET,FinUp.Chat.NET.Api/Controllers/v1_0/CacheController.cs,47,attribute
FinUp.Chat.NET.Api,api/v1.0/Cache/publish,CacheController,PublishAsync,POST,FinUp.Chat.NET.Api/Controllers/v1_0/CacheController.cs,56,attribute
FinUp.Chat.NET.Api,api/v1.0/Cache/state,CacheController,State,GET,FinUp.Chat.NET.Api/Controllers/v1_0/CacheController.cs,41,attribute
FinUp.Chat.NET.Api,api/v1.0/Chat,ChatController,GetAsync,GET,FinUp.Chat.NET.Api/Controllers/v1_0/ChatController.cs,60,conventional
FinUp.Chat.NET.Api,api/v1.0/Chat,ChatController,Insert,POST,FinUp.Chat.NET.Api/Controllers/v1_0/ChatController.cs,41,conventional
FinUp.Chat.NET.Api,api/v1.0/Chat/update,ChatController,Update,GET,FinUp.Chat.NET.Api/Controllers/v1_0/ChatController.cs,127,attribute
FinUp.Chat.NET.Api,api/v1.0/Chat/{chatidx},ChatController,DeleteAsync,DELETE,FinUp.Chat.NET.Api/Controllers/v1_0/ChatController.cs,109,attribute
FinUp.Chat.NET.Api,api/v1.0/Chat/{chatidx},ChatController,GetAsync,GET,FinUp.Chat.NET.Api/Controllers/v1_0/ChatController.cs,74,attribute
FinUp.Chat.NET.Api,api/v1.0/Chat/{chatidx},ChatController,PatchAsync,PATCH,FinUp.Chat.NET.Api/Controllers/v1_0/ChatController.cs,91,attribute
FinUp.Chat.NET.Api,api/v1.0/chat/{chatidx}/files,ChatFilesController,GetAsync,GET,FinUp.Chat.NET.Api/Controllers/v1_0/ChatFilesController.cs,108,attribute
FinUp.Chat.NET.Api,api/v1.0/chat/{chatidx}/files/{chatfileidx},ChatFilesController,DeleteAsync,DELETE,FinUp.Chat.NET.Api/Controllers/v1_0/ChatFilesController.cs,89,attribute
FinUp.Chat.NET.Api,api/v1.0/chat/{chatidx}/files/{chatfileidx}:download,ChatFilesController,DownloadFileAsync,GET,FinUp.Chat.NET.Api/Controllers/v1_0/ChatFilesController.cs,120,attribute
FinUp.Chat.NET.Api,api/v1.0/chat/{chatidx}/files/{chatfileidx}:download-app,ChatFilesController,DownloadAppFileAsync,GET,FinUp.Chat.NET.Api/Controllers/v1_0/ChatFilesController.cs,141,attribute
FinUp.Chat.NET.Api,api/v1.0/chat/{chatidx}/files:upload,ChatFilesController,UploadAsync,POST,FinUp.Chat.NET.Api/Controllers/v1_0/ChatFilesController.cs,166,attribute
FinUp.Chat.NET.Api,api/v1.0/chat/{chatidx}/files:upload-robo,ChatFilesController,UploadRoboAsync,POST,FinUp.Chat.NET.Api/Controllers/v1_0/ChatFilesController.cs,274,attribute
FinUp.Chat.NET.Api,api/v1.0/chat/{chatidx}/messages,ChatMessageController,GetAsync,GET,FinUp.Chat.NET.Api/Controllers/v1_0/ChatMessageController.cs,166,attribute
FinUp.Chat.NET.Api,api/v1.0/chat/{chatidx}/messages,ChatMessageController,PostAsync,POST,FinUp.Chat.NET.Api/Controllers/v1_0/ChatMessageController.cs,72,attribute
FinUp.Chat.NET.Api,api/v1.0/chat/{chatidx}/messages-system,ChatMessageController,PostAsync,POST,FinUp.Chat.NET.Api/Controllers/v1_0/ChatMessageController.cs,48,attribute
FinUp.Chat.NET.Api,api/v1.0/chat/{chatidx}/messages-url,ChatMessageController,GetAsync,GET,FinUp.Chat.NET.Api/Controllers/v1_0/ChatMessageController.cs,240,attribute
FinUp.Chat.NET.Api,api/v1.0/chat/{chatidx}/messages/{chatmessageidx},ChatMessageController,DeleteAsync,DELETE,FinUp.Chat.NET.Api/Controllers/v1_0/ChatMessageController.cs,289,attribute
FinUp.Chat.NET.Api,api/v1.0/chat/{chatidx}/messages/{chatmessageidx},ChatMessageController,Get,GET,FinUp.Chat.NET.Api/Controllers/v1_0/ChatMessageController.cs,150,attribute
FinUp.Chat.NET.Api,api/v1.0/chat/{chatidx}/messages/{chatmessageidx},ChatMessageController,PatchAsync,PATCH,FinUp.Chat.NET.Api/Controllers/v1_0/ChatMessageController.cs,270,attribute
FinUp.Chat.NET.Api,api/v1.0/chat/{chatidx}/messages:free,ChatMessageController,GetAsync,GET,FinUp.Chat.NET.Api/Controllers/v1_0/ChatMessageController.cs,226,attribute
FinUp.Chat.NET.Api,api/v1.0/chat/{chatidx}/messages:history,ChatMessageController,Get,GET,FinUp.Chat.NET.Api/Controllers/v1_0/ChatMessageController.cs,195,attribute
FinUp.Chat.NET.Api,api/v1.0/chat/{chatidx}/messages:history-date,ChatMessageController,Get,GET,FinUp.Chat.NET.Api/Controllers/v1_0/ChatMessageController.cs,210,attribute
FinUp.Chat.NET.Api,api/v1.0/chat/{chatidx}/messages:robo,ChatMessageController,PostRoboAsync,POST,FinUp.Chat.NET.Api/Controllers/v1_0/ChatMessageController.cs,101,attribute
FinUp.Chat.NET.Api,api/v1.0/chat/{chatidx}/messages:search,ChatMessageController,Get,GET,FinUp.Chat.NET.Api/Controllers/v1_0/ChatMessageController.cs,254,attribute
FinUp.Chat.NET.Api,api/v1.0/chat/{chatidx}/messages:signal,ChatMessageController,PostApiKeyAsync,POST,FinUp.Chat.NET.Api/Controllers/v1_0/ChatMessageController.cs,124,attribute
FinUp.Chat.NET.Api,api/v1.0/chat/{chatidx}/notice,NoticeController,GetNotice,GET,FinUp.Chat.NET.Api/Controllers/v1_0/NoticeController.cs,33,attribute
FinUp.Chat.NET.Api,api/v1.0/chat/{chatidx}/notice,NoticeController,PostNoticeAsync,POST,FinUp.Chat.NET.Api/Controllers/v1_0/NoticeController.cs,63,attribute
FinUp.Chat.NET.Api,api/v1.0/chat/{chatidx}/notice/{boardidx},NoticeController,DeleteNotice,DELETE,FinUp.Chat.NET.Api/Controllers/v1_0/NoticeController.cs,83,attribute
FinUp.Chat.NET.Api,api/v1.0/chat/{chatidx}/notice/{boardidx},NoticeController,GetNoticeDetailAsync,GET,FinUp.Chat.NET.Api/Controllers/v1_0/NoticeController.cs,48,attribute
FinUp.Chat.NET.Api,api/v1.0/chat/{chatidx}/notice/{boardidx}:admin,NoticeController,DeleteNoticeAdmin,DELETE,FinUp.Chat.NET.Api/Controllers/v1_0/NoticeController.cs,123,attribute
FinUp.Chat.NET.Api,api/v1.0/chat/{chatidx}/notice/{boardidx}:admin,NoticeController,PatchAsync,PATCH,FinUp.Chat.NET.Api/Controllers/v1_0/NoticeController.cs,105,attribute
FinUp.Chat.NET.Api,api/v1.0/chat/{chatidx}/users,ChatUsersController,GetListAsync,GET,FinUp.Chat.NET.Api/Controllers/v1_0/ChatUsersController.cs,47,attribute
FinUp.Chat.NET.Api,api/v1.0/chat/{chatidx}/users,ChatUsersController,PostAsync,POST,FinUp.Chat.NET.Api/Controllers/v1_0/ChatUsersController.cs,184,attribute
FinUp.Chat.NET.Api,api/v1.0/chat/{chatidx}/users/{chatuseridx},ChatUsersController,DeleteAsync,DELETE,FinUp.Chat.NET.Api/Controllers/v1_0/ChatUsersController.cs,315,attribute
FinUp.Chat.NET.Api,api/v1.0/chat/{chatidx}/users/{chatuseridx},ChatUsersController,GetAsync,GET,FinUp.Chat.NET.Api/Controllers/v1_0/ChatUsersController.cs,63,attribute
FinUp.Chat.NET.Api,api/v1.0/chat/{chatidx}/users/{chatuseridx},ChatUsersController,PatchAsync,PATCH,FinUp.Chat.NET.Api/Controllers/v1_0/ChatUsersController.cs,233,attribute
FinUp.Chat.NET.Api,api/v1.0/chat/{chatidx}/users/{chatuseridx}/favorites,ChatUsersController,DeleteFavoriteAsync,DELETE,FinUp.Chat.NET.Api/Controllers/v1_0/ChatUsersController.cs,422,attribute
FinUp.Chat.NET.Api,api/v1.0/chat/{chatidx}/users/{chatuseridx}/favorites,ChatUsersController,InsertFavoriteAsync,POST,FinUp.Chat.NET.Api/Controllers/v1_0/ChatUsersController.cs,403,attribute
FinUp.Chat.NET.Api,api/v1.0/chat/{chatidx}/users/{chatuseridx}:ban,ChatUsersController,BanAsync,POST,FinUp.Chat.NET.Api/Controllers/v1_0/ChatUsersController.cs,253,attribute
FinUp.Chat.NET.Api,api/v1.0/chat/{chatidx}/users/{chatuseridx}:enter,ChatUsersController,EnterAsync,POST,FinUp.Chat.NET.Api/Controllers/v1_0/ChatUsersController.cs,353,attribute
FinUp.Chat.NET.Api,api/v1.0/chat/{chatidx}/users/{chatuseridx}:enter-Admin,ChatUsersController,EnterAsAdminAsync,POST,FinUp.Chat.NET.Api/Controllers/v1_0/ChatUsersController.cs,368,attribute
FinUp.Chat.NET.Api,api/v1.0/chat/{chatidx}/users/{chatuseridx}:out,ChatUsersController,OutAsync,POST,FinUp.Chat.NET.Api/Controllers/v1_0/ChatUsersController.cs,385,attribute
FinUp.Chat.NET.Api,api/v1.0/chat/{chatidx}/users/{chatuseridx}:push,ChatUsersController,UpdatePushAsync,POST,FinUp.Chat.NET.Api/Controllers/v1_0/ChatUsersController.cs,208,attribute
FinUp.Chat.NET.Api,api/v1.0/chat/{chatidx}/users/{chatuseridx}:writable,ChatUsersController,UpdateWritableAsync,POST,FinUp.Chat.NET.Api/Controllers/v1_0/ChatUsersController.cs,270,attribute
FinUp.Chat.NET.Api,api/v1.0/chat/{chatidx}/users:cancel,ChatUsersController,CancelAsync,POST,FinUp.Chat.NET.Api/Controllers/v1_0/ChatUsersController.cs,332,attribute
FinUp.Chat.NET.Api,api/v1.0/chat/{chatidx}/users:upsert,ChatUsersController,UpsertAsync,POST,FinUp.Chat.NET.Api/Controllers/v1_0/ChatUsersController.cs,79,attribute
FinUp.Chat.NET.Api,api/v1.0/chat/{chatidx}/users:writable,ChatUsersController,UpdateWritableAsync,POST,FinUp.Chat.NET.Api/Controllers/v1_0/ChatUsersController.cs,289,attribute
FinUp.Chat.NET.Api,api/v1.0/Emoticon,EmoticonController,GetEmoticon,GET,FinUp.Chat.NET.Api/Controllers/v1_0/EmoticonController.cs,27,conventional
FinUp.Chat.NET.Api,api/v1.0/Reports,ReportsController,PostReport,POST,FinUp.Chat.NET.Api/Controllers/v1_0/ReportsController.cs,25,conventional
FinUp.Chat.NET.Api,api/v1.0/Routing,RoutingController,Get,GET,FinUp.Chat.NET.Api/Controllers/v1_0/RoutingController.cs,26,conventional
FinUp.Chat.NET.Api,api/v1.0/Session/api/app/chat/log,SessionController,LegacyLog,POST,FinUp.Chat.NET.Api/Controllers/v1_0/SessionController.cs,92,attribute
FinUp.Chat.NET.Api,api/v1.0/Session/close,SessionController,Close,GET,FinUp.Chat.NET.Api/Controllers/v1_0/SessionController.cs,39,attribute
FinUp.Chat.NET.Api,api/v1.0/Session/enter,SessionController,Enter,GET,FinUp.Chat.NET.Api/Controllers/v1_0/SessionController.cs,50,attribute
FinUp.Chat.NET.Api,api/v1.0/Session/log,SessionController,Log,POST,FinUp.Chat.NET.Api/Controllers/v1_0/SessionController.cs,61,attribute
FinUp.Chat.NET.Api,api/v1.0/Users,UsersController,GetAsync,GET,FinUp.Chat.NET.Api/Controllers/v1_0/UsersController.cs,55,conventional
FinUp.Chat.NET.Api,api/v1.0/Users,UsersController,PostAsync,POST,FinUp.Chat.NET.Api/Controllers/v1_0/UsersController.cs,37,conventional
FinUp.Chat.NET.Api,api/v1.0/Users/{appuserkey}/profile:sys,UsersController,PostProfileAsync,POST,FinUp.Chat.NET.Api/Controllers/v1_0/UsersController.cs,133,attribute
FinUp.Chat.NET.Api,api/v1.0/Users/{appuserkey}:sys,UsersController,GetAsync,GET,FinUp.Chat.NET.Api/Controllers/v1_0/UsersController.cs,115,attribute
FinUp.Chat.NET.Api,api/v1.0/Users/{useridx},UsersController,DeleteAsync,DELETE,FinUp.Chat.NET.Api/Controllers/v1_0/UsersController.cs,168,attribute
FinUp.Chat.NET.Api,api/v1.0/Users/{useridx},UsersController,GetAsync,GET,FinUp.Chat.NET.Api/Controllers/v1_0/UsersController.cs,74,attribute
FinUp.Chat.NET.Api,api/v1.0/Users/{useridx},UsersController,PatchAsync,PATCH,FinUp.Chat.NET.Api/Controllers/v1_0/UsersController.cs,93,attribute
FinUp.Chat.NET.Api,api/v1.1/chat/{chatidx}/files,ChatFilesController,GetAsync,GET,FinUp.Chat.NET.Api/Controllers/v1_1/ChatFilesController.cs,39,attribute
FinUp.Chat.NET.Api,api/v1.1/chat/{chatidx}/files-debug,ChatFilesController,GetDebugAsync,GET,FinUp.Chat.NET.Api/Controllers/v1_1/ChatFilesController.cs,68,attribute
FinUp.Chat.NET.Api,api/v1.1/chat/{chatidx}/files-debug:direction,ChatFilesController,GetDebugDirectionAsync,GET,FinUp.Chat.NET.Api/Controllers/v1_1/ChatFilesController.cs,82,attribute
FinUp.Chat.NET.Api,api/v1.1/chat/{chatidx}/files:direction,ChatFilesController,GetDirectionAsync,GET,FinUp.Chat.NET.Api/Controllers/v1_1/ChatFilesController.cs,54,attribute
FinUp.Chat.NET.Api,api/v1.1/Reports,ReportsController,Get,GET,FinUp.Chat.NET.Api/Controllers/v1_1/ReportsController.cs,18,conventional
FinUp.Chat.NET.Api,api/v1.2/chat/{chatidx}/files,ChatFilesController,GetAsync,GET,FinUp.Chat.NET.Api/Controllers/v1_2/ChatFilesController.cs,50,attribute
FinUp.Chat.NET.Api,api/v1.2/chat/{chatidx}/files:direction,ChatFilesController,GetDirectionAsync,GET,FinUp.Chat.NET.Api/Controllers/v1_2/ChatFilesController.cs,65,attribute
FinUp.Chat.NET.Api,api/v1.2/chat/{chatidx}/files:upload,ChatFilesController,UploadAsync,POST,FinUp.Chat.NET.Api/Controllers/v1_2/ChatFilesController.cs,81,attribute
FinUp.Chat.NET.Api,api/v1.2/chat/{chatidx}/messages,ChatMessageController,GetAsync,GET,FinUp.Chat.NET.Api/Controllers/v1_2/ChatMessageController.cs,81,attribute
FinUp.Chat.NET.Api,api/v1.2/chat/{chatidx}/messages,ChatMessageController,PostAsync,POST,FinUp.Chat.NET.Api/Controllers/v1_2/ChatMessageController.cs,51,attribute
FinUp.Chat.NET.Api,api/v1.2/Common,CommonController,GetAsync,GET,FinUp.Chat.NET.Api/Controllers/v1_2/CommonController.cs,39,conventional
FinUp.Chat.NET.Api,api/v1.2/users/{targetuseridx}/report/count:target,UserReportController,GetTargetUserReportCountAsync,GET,FinUp.Chat.NET.Api/Controllers/v1_2/UserReportController.cs,79,attribute
FinUp.Chat.NET.Api,api/v1.2/users/{targetuseridx}/report:target,UserReportController,GetPageAsync,GET,FinUp.Chat.NET.Api/Controllers/v1_2/UserReportController.cs,52,attribute
FinUp.Chat.NET.Api,api/v1.2/users/{useridx}/ban,UserBanController,GetUserBanListAsync,GET,FinUp.Chat.NET.Api/Controllers/v1_2/UserBanController.cs,64,attribute
FinUp.Chat.NET.Api,api/v1.2/users/{useridx}/ban,UserBanController,InsertAsync,POST,FinUp.Chat.NET.Api/Controllers/v1_2/UserBanController.cs,37,attribute
FinUp.Chat.NET.Api,api/v1.2/users/{useridx}/ban/{userbanidx},UserBanController,DeleteAsync,DELETE,FinUp.Chat.NET.Api/Controllers/v1_2/UserBanController.cs,83,attribute
FinUp.Chat.NET.Api,api/v1.2/users/{useridx}/report,UserReportController,InsertAsync,POST,FinUp.Chat.NET.Api/Controllers/v1_2/UserReportController.cs,32,attribute
FinUp.Chat.NET.Api,api/v1.9/Auth/token:apikey,AuthController,GetAuthFromApikey,POST,FinUp.Chat.NET.Api/Controllers/v1_9/AuthController.cs,57,attribute
FinUp.Chat.NET.Api,api/v1.9/Auth/token:cookie,AuthController,GetAuthFromCookie,POST,FinUp.Chat.NET.Api/Controllers/v1_9/AuthController.cs,37,attribute
FinUp.Chat.NET.Api,api/v1.9/Banner,BannerController,GetAsync,GET,FinUp.Chat.NET.Api/Controllers/v1_9/BannerController.cs,28,conventional
FinUp.Chat.NET.Api,api/v1.9/banword:refresh,BanwordController,RefreshAsync,PATCH,FinUp.Chat.NET.Api/Controllers/v1_9/BanwordController.cs,23,attribute
FinUp.Chat.NET.Api,api/v1.9/Chat,ChatController,GetAsync,GET,FinUp.Chat.NET.Api/Controllers/v1_9/ChatController.cs,135,conventional
FinUp.Chat.NET.Api,api/v1.9/Chat,ChatController,Insert,POST,FinUp.Chat.NET.Api/Controllers/v1_9/ChatController.cs,40,conventional
FinUp.Chat.NET.Api,api/v1.9/Chat/openchat/display/{display},ChatController,GetChatMessageCount,GET,FinUp.Chat.NET.Api/Controllers/v1_9/ChatController.cs,151,attribute
FinUp.Chat.NET.Api,api/v1.9/Chat/{appcode}/list,ChatController,GetAppcodeChatList,GET,FinUp.Chat.NET.Api/Controllers/v1_9/ChatController.cs,173,attribute
FinUp.Chat.NET.Api,api/v1.9/Chat/{appcode}/message-count,ChatController,GetChatMessageCount,GET,FinUp.Chat.NET.Api/Controllers/v1_9/ChatController.cs,207,attribute
FinUp.Chat.NET.Api,api/v1.9/Chat/{appcode}/openchat:theme,ChatController,InsertOpenChatTheme,POST,FinUp.Chat.NET.Api/Controllers/v1_9/ChatController.cs,55,attribute
FinUp.Chat.NET.Api,api/v1.9/Chat/{appcode}/{keywordidx}/info,ChatController,GetChatbyKeyword,GET,FinUp.Chat.NET.Api/Controllers/v1_9/ChatController.cs,186,attribute
FinUp.Chat.NET.Api,api/v1.9/chat/{chatidx}/files,ChatFilesController,GetAsync,GET,FinUp.Chat.NET.Api/Controllers/v1_9/ChatFilesController.cs,52,attribute
FinUp.Chat.NET.Api,api/v1.9/chat/{chatidx}/files/{chatfileidx}:download,ChatFilesController,DownloadFileAsync,GET,FinUp.Chat.NET.Api/Controllers/v1_9/ChatFilesController.cs,81,attribute
FinUp.Chat.NET.Api,api/v1.9/chat/{chatidx}/files:direction,ChatFilesController,GetDirectionAsync,GET,FinUp.Chat.NET.Api/Controllers/v1_9/ChatFilesController.cs,68,attribute
FinUp.Chat.NET.Api,api/v1.9/chat/{chatidx}/files:upload,ChatFilesController,UploadAsync,POST,FinUp.Chat.NET.Api/Controllers/v1_9/ChatFilesController.cs,107,attribute
FinUp.Chat.NET.Api,api/v1.9/chat/{chatidx}/messages,ChatMessageController,GetAsync,GET,FinUp.Chat.NET.Api/Controllers/v1_9/ChatMessageController.cs,122,attribute
FinUp.Chat.NET.Api,api/v1.9/chat/{chatidx}/messages,ChatMessageController,PostAsync,POST,FinUp.Chat.NET.Api/Controllers/v1_9/ChatMessageController.cs,57,attribute
FinUp.Chat.NET.Api,api/v1.9/chat/{chatidx}/messages/{appcode}:unauth,ChatMessageController,GetUnAuthAsync,GET,FinUp.Chat.NET.Api/Controllers/v1_9/ChatMessageController.cs,151,attribute
FinUp.Chat.NET.Api,api/v1.9/chat/{chatidx}/messages/{chatmessageidx}/openchat:admin,ChatMessageController,DeleteOpenChatAsync,DELETE,FinUp.Chat.NET.Api/Controllers/v1_9/ChatMessageController.cs,173,attribute
FinUp.Chat.NET.Api,api/v1.9/chat/{chatidx}/messages:system,ChatMessageController,PostApiKeyAsync,POST,FinUp.Chat.NET.Api/Controllers/v1_9/ChatMessageController.cs,93,attribute
FinUp.Chat.NET.Api,api/v1.9/Chat/{chatidx}/openchat,ChatController,GetAsync,GET,FinUp.Chat.NET.Api/Controllers/v1_9/ChatController.cs,115,attribute
FinUp.Chat.NET.Api,api/v1.9/chat/{chatidx}/users,ChatUsersController,GetListAsync,GET,FinUp.Chat.NET.Api/Controllers/v1_9/ChatUsersController.cs,46,attribute
FinUp.Chat.NET.Api,api/v1.9/chat/{chatidx}/users,ChatUsersController,PostAsync,POST,FinUp.Chat.NET.Api/Controllers/v1_9/ChatUsersController.cs,186,attribute
FinUp.Chat.NET.Api,api/v1.9/chat/{chatidx}/users/openchat:enter,ChatUsersController,EnterOpenChatAsync,POST,FinUp.Chat.NET.Api/Controllers/v1_9/ChatUsersController.cs,390,attribute
FinUp.Chat.NET.Api,api/v1.9/chat/{chatidx}/users/{chatuseridx},ChatUsersController,DeleteAsync,DELETE,FinUp.Chat.NET.Api/Controllers/v1_9/ChatUsersController.cs,318,attribute
FinUp.Chat.NET.Api,api/v1.9/chat/{chatidx}/users/{chatuseridx},ChatUsersController,GetAsync,GET,FinUp.Chat.NET.Api/Controllers/v1_9/ChatUsersController.cs,63,attribute
FinUp.Chat.NET.Api,api/v1.9/chat/{chatidx}/users/{chatuseridx},ChatUsersController,PatchAsync,PATCH,FinUp.Chat.NET.Api/Controllers/v1_9/ChatUsersController.cs,236,attribute
FinUp.Chat.NET.Api,api/v1.9/chat/{chatidx}/users/{chatuseridx}/favorites,ChatUsersController,DeleteFavoriteAsync,DELETE,FinUp.Chat.NET.Api/Controllers/v1_9/ChatUsersController.cs,498,attribute
FinUp.Chat.NET.Api,api/v1.9/chat/{chatidx}/users/{chatuseridx}/favorites,ChatUsersController,InsertFavoriteAsync,POST,FinUp.Chat.NET.Api/Controllers/v1_9/ChatUsersController.cs,479,attribute
FinUp.Chat.NET.Api,api/v1.9/chat/{chatidx}/users/{chatuseridx}:ban,ChatUsersController,BanAsync,POST,FinUp.Chat.NET.Api/Controllers/v1_9/ChatUsersController.cs,256,attribute
FinUp.Chat.NET.Api,api/v1.9/chat/{chatidx}/users/{chatuseridx}:enter,ChatUsersController,EnterAsync,POST,FinUp.Chat.NET.Api/Controllers/v1_9/ChatUsersController.cs,357,attribute
FinUp.Chat.NET.Api,api/v1.9/chat/{chatidx}/users/{chatuseridx}:enter-Admin,ChatUsersController,EnterAsAdminAsync,POST,FinUp.Chat.NET.Api/Controllers/v1_9/ChatUsersController.cs,372,attribute
FinUp.Chat.NET.Api,api/v1.9/chat/{chatidx}/users/{chatuseridx}:out,ChatUsersController,OutAsync,POST,FinUp.Chat.NET.Api/Controllers/v1_9/ChatUsersController.cs,461,attribute
FinUp.Chat.NET.Api,api/v1.9/chat/{chatidx}/users/{chatuseridx}:push,ChatUsersController,UpdatePushAsync,POST,FinUp.Chat.NET.Api/Controllers/v1_9/ChatUsersController.cs,210,attribute
FinUp.Chat.NET.Api,api/v1.9/chat/{chatidx}/users/{chatuseridx}:writable,ChatUsersController,UpdateWritableAsync,POST,FinUp.Chat.NET.Api/Controllers/v1_9/ChatUsersController.cs,273,attribute
FinUp.Chat.NET.Api,api/v1.9/chat/{chatidx}/users:cancel,ChatUsersController,CancelAsync,POST,FinUp.Chat.NET.Api/Controllers/v1_9/ChatUsersController.cs,335,attribute
FinUp.Chat.NET.Api,api/v1.9/chat/{chatidx}/users:upsert,ChatUsersController,UpsertAsync,POST,FinUp.Chat.NET.Api/Controllers/v1_9/ChatUsersController.cs,79,attribute
FinUp.Chat.NET.Api,api/v1.9/chat/{chatidx}/users:writable,ChatUsersController,UpdateWritableAsync,POST,FinUp.Chat.NET.Api/Controllers/v1_9/ChatUsersController.cs,292,attribute
FinUp.Chat.NET.Api,api/v1.9/chat/{useridx}/{appcode}/messages/delete-all-message,ChatMessageController,DeleteServiceBlockUserMessageAsync,DELETE,FinUp.Chat.NET.Api/Controllers/v1_9/ChatMessageController.cs,197,attribute
FinUp.Chat.NET.Api,api/v1.9/Users,UsersController,GetAsync,GET,FinUp.Chat.NET.Api/Controllers/v1_9/UsersController.cs,61,conventional
FinUp.Chat.NET.Api,api/v1.9/Users,UsersController,PostAsync,POST,FinUp.Chat.NET.Api/Controllers/v1_9/UsersController.cs,43,conventional
FinUp.Chat.NET.Api,api/v1.9/Users/service-block,UsersController,GetUserServiceBlockAsync,GET,FinUp.Chat.NET.Api/Controllers/v1_9/UsersController.cs,107,attribute
FinUp.Chat.NET.Api,api/v1.9/Users/service-block,UsersController,PostUserServiceBlockAsync,POST,FinUp.Chat.NET.Api/Controllers/v1_9/UsersController.cs,82,attribute
FinUp.Chat.NET.Api,api/v1.9/Users/service-block/{blockidx},UsersController,DeleteUserServiceBlockAsync,DELETE,FinUp.Chat.NET.Api/Controllers/v1_9/UsersController.cs,124,attribute
FinUp.Chat.NET.Api,api/v1.9/Users/user-alarm,UsersController,GetUserAlarmList,POST,FinUp.Chat.NET.Api/Controllers/v1_9/UsersController.cs,138,attribute
FinUp.Chat.NET.Api,api/v1.9/users/{useridx}/ban,UserBanController,GetUserBanListAsync,GET,FinUp.Chat.NET.Api/Controllers/v1_9/UserBanController.cs,55,attribute
FinUp.Chat.NET.Api,api/v1.9/users/{useridx}/ban,UserBanController,InsertAsync,POST,FinUp.Chat.NET.Api/Controllers/v1_9/UserBanController.cs,33,attribute
FinUp.Chat.NET.Api.Badge,api/Check,CheckController,CheckDB,GET,FinUp.Chat.NET.Api.Badge/Controllers/CheckController.cs,18,conventional
FinUp.Chat.NET.Api.Badge,api/v1.0/chat/{chatIdx}/users/{chatuseridx}/badge:init,BadgeController,Init,POST,FinUp.Chat.NET.Api.Badge/Controllers/v1_0/BadgeController.cs,28,attribute
FinUp.Chat.NET.Api.Channel,api/v{version:apiVersion}/Chat,ChatController,Connect,GET,FinUp.Chat.NET.Api.Channel/Controllers/ChatController.cs,42,conventional
FinUp.Chat.NET.Api.Channel,api/v{version:apiVersion}/Chat/client/count,ChatController,Count,GET,FinUp.Chat.NET.Api.Channel/Controllers/ChatController.cs,97,attribute
FinUp.Chat.NET.Api.Channel,api/v{version:apiVersion}/Chat/connect,ChatController,ConnectByGet,GET,FinUp.Chat.NET.Api.Channel/Controllers/ChatController.cs,61,attribute
FinUp.Chat.NET.Api.Channel,api/v{version:apiVersion}/Chat/sse/connect/{chatIdx},ChatController,SeeConnectAsync,GET,FinUp.Chat.NET.Api.Channel/Controllers/ChatController.cs,110,attribute
FinUp.Chat.NET.Api.ChannerView,api/v{version:apiVersion}/Auth/VerifyJwtToken,AuthController,VerifyJwtToken,POST,FinUp.Chat.NET.Api.ChannerView/Controllers/v1_0/AuthController.cs,45,conventional
FinUp.Chat.NET.Api.ChannerView,api/v{version:apiVersion}/Auth/VerifyRecaptcha,AuthController,VerifyRecaptcha,POST,FinUp.Chat.NET.Api.ChannerView/Controllers/v1_0/AuthController.cs,30,conventional
FinUp.Chat.NET.Api.ChannerView,api/v{version:apiVersion}/Url/GetUrlDelay,UrlController,GetUrlDelay,GET,FinUp.Chat.NET.Api.ChannerView/Controllers/v1_0/UrlController.cs,43,conventional
FinUp.Chat.NET.Api.ChannerView,api/v{version:apiVersion}/Url/GetUrlParsingResult,UrlController,GetUrlParsingResult,POST,FinUp.Chat.NET.Api.ChannerView/Controllers/v1_0/UrlController.cs,32,conventional
FinUp.Chat.NET.Api.ChannerView,chat/v{version:apiVersion}/ProcessChatWebsocket,WebSocketController,ProcessChatWebsocket,GET,FinUp.Chat.NET.Api.ChannerView/Controllers/v1_0/WebSocketController.cs,34,conventional
FinUp.Chat.NET.Api.Push,api/Check,CheckController,CheckDB,GET,FinUp.Chat.NET.Api.Push/Controllers/CheckController.cs,19,conventional
FinUp.General.Api,api/App,AppController,Post,POST,FinUp.General.Api/Controllers/AppController.cs,22,conventional
FinUp.General.Api,api/check/health,CheckController,HealthCheck,GET,FinUp.General.Api/Controllers/CheckController.cs,15,attribute
FinUp.General.Api,api/oorione/checkreward,OorioneController,CheckReward,POST,FinUp.General.Api/Controllers/OorioneController.cs,209,attribute
FinUp.General.Api,api/oorione/checkuser,OorioneController,CheckUser,POST,FinUp.General.Api/Controllers/OorioneController.cs,30,attribute
FinUp.General.Api,api/oorione/orderuser,OorioneController,OrderUser,POST,FinUp.General.Api/Controllers/OorioneController.cs,97,attribute
FinUp.LogData.Api,Log,LogController,Get,GET,FinUp.LogData.Api/Controllers/LogController.cs,24,conventional
FinUp.LogData.Api,Log/Logging,LogController,Logging,POST,FinUp.LogData.Api/Controllers/LogController.cs,35,attribute
FinUp.LogData.Api,Log/Ping,LogController,Ping,POST,FinUp.LogData.Api/Controllers/LogController.cs,51,attribute
FinUp.LogData.Api,Log/PushResponse,LogController,PushResponse,POST,FinUp.LogData.Api/Controllers/LogController.cs,102,attribute
FinUp.LogData.Api,Log/System,LogController,System,POST,FinUp.LogData.Api/Controllers/LogController.cs,67,attribute
FinUp.LogData.Api,Log/SystemList,LogController,SystemList,POST,FinUp.LogData.Api/Controllers/LogController.cs,85,attribute
FinUp.Mars.Api,api/v1.0/Expression,ExpressionController,Get,GET,FinUp.Mars.Api/Controllers/v1_0/ExpressionController.cs,25,conventional
FinUp.Mars.Api,api/v1.0/Home,HomeController,Index,GET,FinUp.Mars.Api/Controllers/v1_0/HomeController.cs,25,conventional
FinUp.Mars.Api,api/v1.0/Images/themeus,ImagesController,Index,GET,FinUp.Mars.Api/Controllers/v1_0/ImagesController.cs,16,attribute
FinUp.Mars.Api,api/v1.0/Search/history,SearchController,GetUserSearchHistory,GET,FinUp.Mars.Api/Controllers/v1_0/SearchController.cs,105,attribute
FinUp.Mars.Api,api/v1.0/Search/history/exp/{expressionIdx},SearchController,GetUserSearchHistory,GET,FinUp.Mars.Api/Controllers/v1_0/SearchController.cs,116,attribute
FinUp.Mars.Api,api/v1.0/Search/history/{userStockSearchIdx},SearchController,DeleteUserSearchHistory,DELETE,FinUp.Mars.Api/Controllers/v1_0/SearchController.cs,93,attribute
FinUp.Mars.Api,api/v1.0/Search/stock/{code},SearchController,GetStock,GET,FinUp.Mars.Api/Controllers/v1_0/SearchController.cs,35,attribute
FinUp.Mars.Api,api/v1.0/Search/stock/{code}/exp/{expressoinIdx},SearchController,GetExpressionResultStock,GET,FinUp.Mars.Api/Controllers/v1_0/SearchController.cs,63,attribute
FinUp.Mars.Api,api/v1.0/Search/ticker/{code},SearchController,GetTicker,GET,FinUp.Mars.Api/Controllers/v1_0/SearchController.cs,49,attribute
FinUp.Mars.Api,api/v1.0/Search/ticker/{code}/exp/{expressoinIdx},SearchController,GetExpressionResultTicker,GET,FinUp.Mars.Api/Controllers/v1_0/SearchController.cs,78,attribute
FinUp.Mars.Api,api/v1.0/Search/{name},SearchController,Search,GET,FinUp.Mars.Api/Controllers/v1_0/SearchController.cs,29,attribute
FinUp.Mars.Api,api/v1.0/Video,VideoController,Get,POST,FinUp.Mars.Api/Controllers/v1_0/VideoController.cs,16,conventional
FinUp.Mars.Api,api/v1.0/WeatherForecast,WeatherForecastController,Get,GET,FinUp.Mars.Api/Controllers/v1_0/WeatherForecastController.cs,28,conventional
FinUp.Mars.Api,api/v1.0/WeatherForecast,WeatherForecastController,Post,POST,FinUp.Mars.Api/Controllers/v1_0/WeatherForecastController.cs,40,conventional
FinUp.Radar.Api,api/App,AppController,Option,OPTIONS,FinUp.Radar.Api/Controllers/AppController.cs,238,conventional
FinUp.Radar.Api,api/App,AppController,Post,POST,FinUp.Radar.Api/Controllers/AppController.cs,36,conventional
FinUp.Radar.Api,api/App,AppController,setCache,GET,FinUp.Radar.Api/Controllers/AppController.cs,274,conventional
FinUp.Radar.Api,api/App,AppController,setCacheData,GET,FinUp.Radar.Api/Controllers/AppController.cs,248,conventional
FinUp.Radar.Api,api/Web,WebController,getIssueKeyword,GET,FinUp.Radar.Api/Controllers/WebController.cs,23,conventional
FinUp.Radar.Api,api/Web,WebController,getKeywordPriceDetail,GET,FinUp.Radar.Api/Controllers/WebController.cs,104,conventional
FinUp.Radar.Api,Cache/CacheCheck,CacheController,SetCache,GET,FinUp.Radar.Api/Controllers/CacheController.cs,53,attribute
FinUp.Radar.Api,Cache/Keyword,CacheController,SetCacheKeyword,GET,FinUp.Radar.Api/Controllers/CacheController.cs,41,attribute
FinUp.Radar.Api,cache/setcache,CacheController,setCache,POST,FinUp.Radar.Api/Controllers/CacheController.cs,69,attribute
FinUp.Radar.Api,Cache/setCacheGet,CacheController,setCacheGet,GET,FinUp.Radar.Api/Controllers/CacheController.cs,116,attribute
FinUp.Radar.Api,cache/setcacheindustry,CacheController,SetCacheIndustry,POST,FinUp.Radar.Api/Controllers/CacheController.cs,95,attribute
FinUp.Radar.Api,Cache/Update,CacheController,Update,GET,FinUp.Radar.Api/Controllers/CacheController.cs,158,attribute
FinUp.Radar.Api,Cache/WordFilter,CacheController,SetCacheWordFilter,GET,FinUp.Radar.Api/Controllers/CacheController.cs,25,attribute
FinUp.Radar.Api,Data/IndustryDiff,DataController,GetDiff,GET,FinUp.Radar.Api/Controllers/DataController.cs,17,attribute
FinUp.Radar.Api,Engine/KeywordData,EngineController,GetKeywordData,GET,FinUp.Radar.Api/Controllers/EngineController.cs,18,attribute
FinUp.Radar.Api,getHealthCheck,AppController,getHealthCheck,GET,FinUp.Radar.Api/Controllers/AppController.cs,301,attribute
FinUp.Radar.Api,getThemeLogTopTheme,AppController,getThemeLogTopTheme,GET,FinUp.Radar.Api/Controllers/AppController.cs,455,attribute
FinUp.Radar.Api,getUserIp,AppController,getUserIp,GET,FinUp.Radar.Api/Controllers/AppController.cs,338,attribute
FinUp.Radar.Api,sendThemeLogToTelegram,AppController,sendThemeLogToTelegram,GET,FinUp.Radar.Api/Controllers/AppController.cs,400,attribute
FinUp.Radar.Api,sendThemeLogToTelegramTest,AppController,sendThemeLogToTelegramTest,GET,FinUp.Radar.Api/Controllers/AppController.cs,480,attribute
FinUp.Radar.Api,setAttentionNews,AppController,setAttentionNews,GET,FinUp.Radar.Api/Controllers/AppController.cs,308,attribute
FinUp.Radar.Api,setScheduleNewsBriefing,AppController,setScheduleNewsBriefing,GET,FinUp.Radar.Api/Controllers/AppController.cs,375,attribute
FinUp.Radar.Api,setThemeLogCache,AppController,setThemeLogCache,GET,FinUp.Radar.Api/Controllers/AppController.cs,429,attribute
FinUp.Stock.Api,api/App,AppController,RemoveChatUser,GET,FinUp.Stock.Api/Controllers/AppController.cs,236,conventional
FinUp.Stock.Api,api/App,AppController,SetPushLog,GET,FinUp.Stock.Api/Controllers/AppController.cs,58,conventional
FinUp.Stock.Api,api/App,AppController,SetPushLogUserIdx,GET,FinUp.Stock.Api/Controllers/AppController.cs,76,conventional
FinUp.Stock.Api,api/ban/banuser,ReportController,BanUser,POST,FinUp.Stock.Api/Controllers/ReportController.cs,46,attribute
FinUp.Stock.Api,api/ban/cancelbanuser,ReportController,CancelBanUser,POST,FinUp.Stock.Api/Controllers/ReportController.cs,64,attribute
FinUp.Stock.Api,api/chat/homelogin,ChatController,GetHomeLogin,GET,FinUp.Stock.Api/Controllers/ChatController.cs,168,attribute
FinUp.Stock.Api,api/chat/mentors,ChatController,GetChatMentorList,GET,FinUp.Stock.Api/Controllers/ChatController.cs,286,attribute
FinUp.Stock.Api,api/chat/portfolio,ChatController,GetPortfolio,GET,FinUp.Stock.Api/Controllers/ChatController.cs,1270,attribute
FinUp.Stock.Api,api/chat/portfolio/signals,ChatController,GetPortfolioSignals,GET,FinUp.Stock.Api/Controllers/ChatController.cs,1326,attribute
FinUp.Stock.Api,api/chat/portfolioas,ChatController,DeletePortfolioAs,DELETE,FinUp.Stock.Api/Controllers/ChatController.cs,1641,attribute
FinUp.Stock.Api,api/chat/portfolioas,ChatController,GetAsDetail,GET,FinUp.Stock.Api/Controllers/ChatController.cs,1439,attribute
FinUp.Stock.Api,api/chat/portfolioas,ChatController,InsertAsAsync,POST,FinUp.Stock.Api/Controllers/ChatController.cs,1555,attribute
FinUp.Stock.Api,api/chat/portfolioas,ChatController,UpdateAsAsync,PATCH,FinUp.Stock.Api/Controllers/ChatController.cs,1479,attribute
FinUp.Stock.Api,api/chat/portfolioas/list,ChatController,GetAsListPaging,GET,FinUp.Stock.Api/Controllers/ChatController.cs,1411,attribute
FinUp.Stock.Api,api/chat/robo-popup,ChatController,GetRoboPopupAsync,GET,FinUp.Stock.Api/Controllers/ChatController.cs,2452,attribute
FinUp.Stock.Api,api/chat/robo/favorite,ChatController,GetRoboFavoriteList,GET,FinUp.Stock.Api/Controllers/ChatController.cs,2377,attribute
FinUp.Stock.Api,api/chat/robo/favorite,ChatController,ProcessRoboRecommandFavorite,POST,FinUp.Stock.Api/Controllers/ChatController.cs,2325,attribute
FinUp.Stock.Api,api/chat/robo/search,ChatController,SearchRoboRecommandList,GET,FinUp.Stock.Api/Controllers/ChatController.cs,2350,attribute
FinUp.Stock.Api,api/chat/signal,ChatController,PostSignalAsync,POST,FinUp.Stock.Api/Controllers/ChatController.cs,843,attribute
FinUp.Stock.Api,api/chat/signal/edit,ChatController,UpdateLastSignal,PATCH,FinUp.Stock.Api/Controllers/ChatController.cs,1990,attribute
FinUp.Stock.Api,api/chat/signal/edit/preprocess,ChatController,CheckLastSignal,GET,FinUp.Stock.Api/Controllers/ChatController.cs,2402,attribute
FinUp.Stock.Api,api/chat/signal/last,ChatController,PostLastSignalAsync,POST,FinUp.Stock.Api/Controllers/ChatController.cs,590,attribute
FinUp.Stock.Api,api/chat/signal/list,ChatController,GetSignalList,GET,FinUp.Stock.Api/Controllers/ChatController.cs,1357,attribute
FinUp.Stock.Api,api/chat/signal/process,ChatController,ProcessSignal,PATCH,FinUp.Stock.Api/Controllers/ChatController.cs,1893,attribute
FinUp.Stock.Api,api/chat/signal/process/nonauth,ChatController,ProcessSignalNoneAuth,PATCH,FinUp.Stock.Api/Controllers/ChatController.cs,1724,attribute
FinUp.Stock.Api,api/chat/signal/robo,ChatController,InsertRoboSignalAsync,POST,FinUp.Stock.Api/Controllers/ChatController.cs,1127,attribute
FinUp.Stock.Api,api/chat/signal/robo/list,ChatController,GetRoboSignalsAsync,GET,FinUp.Stock.Api/Controllers/ChatController.cs,1091,attribute
FinUp.Stock.Api,api/chat/signalcodes,ChatController,GetStockSignalCodes,GET,FinUp.Stock.Api/Controllers/ChatController.cs,266,attribute
FinUp.Stock.Api,api/chat/update,ChatController,UpdateChat,GET,FinUp.Stock.Api/Controllers/ChatController.cs,569,attribute
FinUp.Stock.Api,api/chat/user,ChatController,GetChatUserAsync,GET,FinUp.Stock.Api/Controllers/ChatController.cs,2468,attribute
FinUp.Stock.Api,api/chat/user/coupon,ChatController,GetUserChatCouponStatus,GET,FinUp.Stock.Api/Controllers/ChatController.cs,246,attribute
FinUp.Stock.Api,api/chat/version,ChatController,GetVersion,GET,FinUp.Stock.Api/Controllers/ChatController.cs,547,attribute
FinUp.Stock.Api,api/chat/weblogin,ChatController,GetUserWebLogin,GET,FinUp.Stock.Api/Controllers/ChatController.cs,120,attribute
FinUp.Stock.Api,api/check/health,CheckController,HealthCheck,GET,FinUp.Stock.Api/Controllers/CheckController.cs,16,attribute
FinUp.Stock.Api,api/contents/freechat,ChatController,JoinFreeChat,POST,FinUp.Stock.Api/Controllers/ChatController.cs,315,attribute
FinUp.Stock.Api,api/contents/freechat,ChatController,OutFreeChat,DELETE,FinUp.Stock.Api/Controllers/ChatController.cs,504,attribute
FinUp.Stock.Api,api/Home,HomeController,Index,GET,FinUp.Stock.Api/Controllers/HomeController.cs,15,conventional
FinUp.Stock.Api,api/Join,JoinController,GetCertify,POST,FinUp.Stock.Api/Controllers/JoinController.cs,45,conventional
FinUp.Stock.Api,api/Join,JoinController,GetPhoneCount,GET,FinUp.Stock.Api/Controllers/JoinController.cs,18,conventional
FinUp.Stock.Api,api/Join,JoinController,SendCertifyEmail,GET,FinUp.Stock.Api/Controllers/JoinController.cs,29,conventional
FinUp.Stock.Api,api/Join,JoinController,SendCertifyEmailUser,GET,FinUp.Stock.Api/Controllers/JoinController.cs,37,conventional
FinUp.Stock.Api,api/Pay,PayController,PointPay,POST,FinUp.Stock.Api/Controllers/PayController.cs,24,conventional
FinUp.Stock.Api,api/report/user,ReportController,ReportUser,POST,FinUp.Stock.Api/Controllers/ReportController.cs,19,attribute
FinUp.Stock.Api,api/Tag,TagController,AutoComplete,GET,FinUp.Stock.Api/Controllers/TagController.cs,19,conventional
FinUp.Stock.Api,api/User,UserController,SetUserAppKeyUpdate,GET,FinUp.Stock.Api/Controllers/UserController.cs,25,conventional
FinUp.Stock.Api,api/user/alarmlist,UserController,GetUserAlarmList,GET,FinUp.Stock.Api/Controllers/UserController.cs,43,attribute
FinUp.Stock.Api,api/vms/schedules/{id}/vods,VMSController,schedulesVod,POST,FinUp.Stock.Api/Controllers/VMSController.cs,23,attribute
FinUp.Stock.Api,api/Vod,VodController,SetVodPlay,GET,FinUp.Stock.Api/Controllers/VodController.cs,309,conventional
FinUp.Stock.Api,api/Vod,VodController,SetVodPlay,POST,FinUp.Stock.Api/Controllers/VodController.cs,369,conventional
FinUp.Stock.Api,api/Vod,VodController,SetVodRec,GET,FinUp.Stock.Api/Controllers/VodController.cs,338,conventional
FinUp.Stock.Api,api/Vod,VodController,SetVodRec,POST,FinUp.Stock.Api/Controllers/VodController.cs,382,conventional
FinUp.Stock.Api,api/Vod,VodController,VideoAuth,GET,FinUp.Stock.Api/Controllers/VodController.cs,400,conventional
FinUp.Stock.Api,api/Vod,VodController,accounts,POST,FinUp.Stock.Api/Controllers/VodController.cs,182,conventional
FinUp.Stock.Api,api/Vod,VodController,schedules,POST,FinUp.Stock.Api/Controllers/VodController.cs,27,conventional
FinUp.Stock.Api,api/vod/accounts/{id}/checking_paid,VodController,accountsCheckingPaid,POST,FinUp.Stock.Api/Controllers/VodController.cs,251,attribute
FinUp.Stock.Api,api/vod/schedules/{id}/vods,VodController,schedulesVod,POST,FinUp.Stock.Api/Controllers/VodController.cs,95,attribute
FinUp.Stock.Scraper.Api,Url/Delay,UrlController,Delay,POST,FinUp.Stock.Scraper/FinUp.Stock.Scraper.Api/Controllers/UrlController.cs,46,attribute
FinUp.Stock.Scraper.Api,Url/List/Parse,UrlController,ParseList,POST,FinUp.Stock.Scraper/FinUp.Stock.Scraper.Api/Controllers/UrlController.cs,38,attribute
FinUp.Stock.Scraper.Api,Url/Parse,UrlController,Parse,POST,FinUp.Stock.Scraper/FinUp.Stock.Scraper.Api/Controllers/UrlController.cs,30,attribute
FinUp.StockData.Price.Api,api/alarm/alarm-history-issue-theme,RadarAlarmController,GetIssueThemeList,GET,FinUp.StockData.Price.Api/Controllers/RadarAlarmController.cs,77,attribute
FinUp.StockData.Price.Api,api/alarm/alarm-history-stock-signal/{type},RadarAlarmController,GetStockSignalList,GET,FinUp.StockData.Price.Api/Controllers/RadarAlarmController.cs,99,attribute
FinUp.StockData.Price.Api,api/alarm/alarm-list,RadarAlarmController,GetServiceList,GET,FinUp.StockData.Price.Api/Controllers/RadarAlarmController.cs,29,attribute
FinUp.StockData.Price.Api,api/chart/capture,ChartController,Capture,GET,FinUp.StockData.Price.Api/Controllers/ChartController.cs,34,attribute
FinUp.StockData.Price.Api,api/chart/capture,ChartController,Capture,GET,FinUp.StockData.Price.Api/Controllers/ChartController.cs,71,attribute
FinUp.StockData.Price.Api,api/chart/capture/theme,ChartController,CaptureTheme,GET,FinUp.StockData.Price.Api/Controllers/ChartController.cs,108,attribute
FinUp.StockData.Price.Api,api/chart/lw/theme,ChartController,GetThemeChartAsync,GET,FinUp.StockData.Price.Api/Controllers/ChartController.cs,165,attribute
FinUp.StockData.Price.Api,api/chart/nvd3/minutes/{code}/{minutes},PriceController,GetCandleAllChart,GET,FinUp.StockData.Price.Api/Controllers/PriceController.cs,163,attribute
FinUp.StockData.Price.Api,api/chart/nvd3/{code},PriceController,GetNvd3Chart,GET,FinUp.StockData.Price.Api/Controllers/PriceController.cs,147,attribute
FinUp.StockData.Price.Api,api/chart/stockDeposit,ChartController,StockDepositTrend,GET,FinUp.StockData.Price.Api/Controllers/ChartController.cs,145,attribute
FinUp.StockData.Price.Api,api/chart/themeday,ChartController,ThemeDay,GET,FinUp.StockData.Price.Api/Controllers/ChartController.cs,155,attribute
FinUp.StockData.Price.Api,api/check/health,CheckController,HealthCheck,GET,FinUp.StockData.Price.Api/Controllers/CheckController.cs,19,attribute
FinUp.StockData.Price.Api,api/data/currenthoga/{code},DataController,GetCurrentHoga,GET,FinUp.StockData.Price.Api/Controllers/DataController.cs,101,attribute
FinUp.StockData.Price.Api,api/data/currenttrader/{code},DataController,GetCurrentTrader,GET,FinUp.StockData.Price.Api/Controllers/DataController.cs,157,attribute
FinUp.StockData.Price.Api,api/data/financial/{code}/{pageNo?}/{pageSize?}/{isQuarter?},DataController,GetFinancialDetail,GET,FinUp.StockData.Price.Api/Controllers/DataController.cs,204,attribute
FinUp.StockData.Price.Api,api/data/hoga/last/{code}/{day}/{time}/{count},DataController,GetLastHoga,GET,FinUp.StockData.Price.Api/Controllers/DataController.cs,31,attribute
FinUp.StockData.Price.Api,api/data/hoga/{code}/{day}/{start}/{end},DataController,GetHoga,GET,FinUp.StockData.Price.Api/Controllers/DataController.cs,87,attribute
FinUp.StockData.Price.Api,api/data/marketopen/{isRealTime},DataController,IsTodayMarketOpen,GET,FinUp.StockData.Price.Api/Controllers/DataController.cs,244,attribute
FinUp.StockData.Price.Api,api/data/price/last/{code}/{day}/{time}/{count},DataController,GetLastPrice,GET,FinUp.StockData.Price.Api/Controllers/DataController.cs,74,attribute
FinUp.StockData.Price.Api,api/data/price/{code}/{day}/{start}/{end},DataController,GetPrice,GET,FinUp.StockData.Price.Api/Controllers/DataController.cs,115,attribute
FinUp.StockData.Price.Api,api/data/stock/{code},DataController,GetStockDetailAsync,GET,FinUp.StockData.Price.Api/Controllers/DataController.cs,185,attribute
FinUp.StockData.Price.Api,api/data/trader/last/{code}/{day}/{time}/{count},DataController,GetLastTrader,GET,FinUp.StockData.Price.Api/Controllers/DataController.cs,52,attribute
FinUp.StockData.Price.Api,api/data/trader/{code}/{day}/{start}/{end},DataController,GetTrader,GET,FinUp.StockData.Price.Api/Controllers/DataController.cs,129,attribute
FinUp.StockData.Price.Api,api/data/traderday/{code}/{startday}/{endday},DataController,GetTraderDay,GET,FinUp.StockData.Price.Api/Controllers/DataController.cs,171,attribute
FinUp.StockData.Price.Api,api/data/traderlast/{code}/{day}/{end},DataController,GetTraderLast,GET,FinUp.StockData.Price.Api/Controllers/DataController.cs,143,attribute
FinUp.StockData.Price.Api,api/data/vi/{code}/{date},DataController,GetStockVIs,GET,FinUp.StockData.Price.Api/Controllers/DataController.cs,217,attribute
FinUp.StockData.Price.Api,api/dayprice/paging/{code}/{pageNo?}/{pageSize?},PriceController,GetDayPrice,GET,FinUp.StockData.Price.Api/Controllers/PriceController.cs,446,attribute
FinUp.StockData.Price.Api,api/dayprice/{code}/{from}/{to},PriceController,GetDayPrice,GET,FinUp.StockData.Price.Api/Controllers/PriceController.cs,426,attribute
FinUp.StockData.Price.Api,api/index/last,IndexController,GetIndexLast,GET,FinUp.StockData.Price.Api/Controllers/IndexController.cs,19,attribute
FinUp.StockData.Price.Api,api/keyword/news,KeywordController,GetKeywordNewsAsync,GET,FinUp.StockData.Price.Api/Controllers/KeywordController.cs,35,attribute
FinUp.StockData.Price.Api,api/keyword/news/summary-search,KeywordController,GetThemeNewsSummarySearch,POST,FinUp.StockData.Price.Api/Controllers/KeywordController.cs,371,attribute
FinUp.StockData.Price.Api,api/keyword/stock/golden-signal-form/{stockCode},KeywordController,GetGoldenSignalStockData,GET,FinUp.StockData.Price.Api/Controllers/KeywordController.cs,163,attribute
FinUp.StockData.Price.Api,api/keyword/stock/holder/{stockCode},KeywordController,GetStockHolder,GET,FinUp.StockData.Price.Api/Controllers/KeywordController.cs,189,attribute
FinUp.StockData.Price.Api,api/keyword/stock/industry/stock/{stockCode},KeywordController,GetStockRelationIndustry,GET,FinUp.StockData.Price.Api/Controllers/KeywordController.cs,262,attribute
FinUp.StockData.Price.Api,api/keyword/stock/industry/{industryidx}/{stockcode},KeywordController,GetIndustryRelationStockAsync,GET,FinUp.StockData.Price.Api/Controllers/KeywordController.cs,85,attribute
FinUp.StockData.Price.Api,api/keyword/stock/ranking/{type},KeywordController,GetStockRanking,GET,FinUp.StockData.Price.Api/Controllers/KeywordController.cs,214,attribute
FinUp.StockData.Price.Api,api/keyword/stock/theme/{stockCode},KeywordController,GetStockRelationTheme,GET,FinUp.StockData.Price.Api/Controllers/KeywordController.cs,238,attribute
FinUp.StockData.Price.Api,api/keyword/theme/diff/{keywordidx},KeywordController,GetThemeDiff,GET,FinUp.StockData.Price.Api/Controllers/KeywordController.cs,287,attribute
FinUp.StockData.Price.Api,api/keyword/theme/similarity/{keywordidx},KeywordController,GetKeywordSimilarityTheme,GET,FinUp.StockData.Price.Api/Controllers/KeywordController.cs,137,attribute
FinUp.StockData.Price.Api,api/keyword/theme/stock/{keywordidx},KeywordController,GetThemeRelationStock,GET,FinUp.StockData.Price.Api/Controllers/KeywordController.cs,342,attribute
FinUp.StockData.Price.Api,api/keyword/{keywordidx},KeywordController,GetKeywordDetailPrice,GET,FinUp.StockData.Price.Api/Controllers/KeywordController.cs,111,attribute
FinUp.StockData.Price.Api,api/market/{from}/{to}/{offday?},PriceController,GetMarket,GET,FinUp.StockData.Price.Api/Controllers/PriceController.cs,331,attribute
FinUp.StockData.Price.Api,api/news-contents/board,NewsContentsController,UploadNewsContentsBoard,GET,FinUp.StockData.Price.Api/Controllers/NewsContentsController.cs,36,attribute
FinUp.StockData.Price.Api,api/news/news_market_issue/{type},RadarAlarmController,GetServiceList,GET,FinUp.StockData.Price.Api/Controllers/RadarAlarmController.cs,55,attribute
FinUp.StockData.Price.Api,api/news/NewsListPage,NewsController,NewsListPage,POST,FinUp.StockData.Price.Api/Controllers/NewsController.cs,26,attribute
FinUp.StockData.Price.Api,api/news/stock,NewsController,NewsListPageStock,POST,FinUp.StockData.Price.Api/Controllers/NewsController.cs,44,attribute
FinUp.StockData.Price.Api,api/news/theme,NewsController,NewsListPageTheme,POST,FinUp.StockData.Price.Api/Controllers/NewsController.cs,35,attribute
FinUp.StockData.Price.Api,api/prevday/{date}/{code},PriceController,GetPrevDay,GET,FinUp.StockData.Price.Api/Controllers/PriceController.cs,358,attribute
FinUp.StockData.Price.Api,api/price/diff,PriceController,GetPriceDiffList,POST,FinUp.StockData.Price.Api/Controllers/PriceController.cs,85,attribute
FinUp.StockData.Price.Api,api/price/highlow/{code}/{from},PriceController,GetHighLow,GET,FinUp.StockData.Price.Api/Controllers/PriceController.cs,180,attribute
FinUp.StockData.Price.Api,api/price/highlowlist,PriceController,GetHighLowList,POST,FinUp.StockData.Price.Api/Controllers/PriceController.cs,259,attribute
FinUp.StockData.Price.Api,api/price/highlowvalue/{code}/{from},PriceController,GetHighLowValue,GET,FinUp.StockData.Price.Api/Controllers/PriceController.cs,218,attribute
FinUp.StockData.Price.Api,api/price/limitprice/{code},PriceController,GetLimitPrice,GET,FinUp.StockData.Price.Api/Controllers/PriceController.cs,553,attribute
FinUp.StockData.Price.Api,api/price/minutes/{code}/{from}/{to},PriceController,GetMinutes,GET,FinUp.StockData.Price.Api/Controllers/PriceController.cs,510,attribute
FinUp.StockData.Price.Api,api/price/quote/{code},PriceController,GetQuoteAsync,GET,FinUp.StockData.Price.Api/Controllers/PriceController.cs,561,attribute
FinUp.StockData.Price.Api,api/price/search-history,PriceController,GetSearchHistoryPrice,POST,FinUp.StockData.Price.Api/Controllers/PriceController.cs,590,attribute
FinUp.StockData.Price.Api,api/price/tradesummary/{code}/{from}/{to},PriceController,GetPriceSummary,GET,FinUp.StockData.Price.Api/Controllers/PriceController.cs,500,attribute
FinUp.StockData.Price.Api,api/price/{code},PriceController,GetPrice,GET,FinUp.StockData.Price.Api/Controllers/PriceController.cs,44,attribute
FinUp.StockData.Price.Api,api/pricelist,PriceController,GetPriceList,POST,FinUp.StockData.Price.Api/Controllers/PriceController.cs,64,attribute
FinUp.StockData.Price.Api,api/priceliststock/{code},PriceController,GetPriceListStock,GET,FinUp.StockData.Price.Api/Controllers/PriceController.cs,388,attribute
FinUp.StockData.Price.Api,api/pricemonitor/chart/count,PriceMonitorController,GetStockCountChart,POST,FinUp.StockData.Price.Api/Controllers/PriceMonitorController.cs,254,attribute
FinUp.StockData.Price.Api,api/pricemonitor/chart/price,PriceMonitorController,GetStockPriceChart,POST,FinUp.StockData.Price.Api/Controllers/PriceMonitorController.cs,191,attribute
FinUp.StockData.Price.Api,api/pricemonitor/list/paging,PriceMonitorController,GetPriceMonitorListPaging,POST,FinUp.StockData.Price.Api/Controllers/PriceMonitorController.cs,167,attribute
FinUp.StockData.Price.Api,api/pricemonitor/paging,PriceMonitorController,GetPriceMonitorPaging,POST,FinUp.StockData.Price.Api/Controllers/PriceMonitorController.cs,139,attribute
FinUp.StockData.Price.Api,api/pricemonitor/preopen,PriceMonitorController,IsPreMarketOpen,GET,FinUp.StockData.Price.Api/Controllers/PriceMonitorController.cs,282,attribute
FinUp.StockData.Price.Api,api/pricemonitor/rank,PriceMonitorController,GetPriceMonitorRank,POST,FinUp.StockData.Price.Api/Controllers/PriceMonitorController.cs,55,attribute
FinUp.StockData.Price.Api,api/pricemonitor/stock,PriceMonitorController,GetPriceMonitorStockPaging,POST,FinUp.StockData.Price.Api/Controllers/PriceMonitorController.cs,111,attribute
FinUp.StockData.Price.Api,api/pricemonitor/stock,PriceMonitorController,GetStock,GET,FinUp.StockData.Price.Api/Controllers/PriceMonitorController.cs,37,attribute
FinUp.StockData.Price.Api,api/pricemonitor/stock/set,PriceMonitorController,SetStock,GET,FinUp.StockData.Price.Api/Controllers/PriceMonitorController.cs,23,attribute
FinUp.StockData.Price.Api,api/profit,PriceController,GetItemStockProfit,GET,FinUp.StockData.Price.Api/Controllers/PriceController.cs,129,attribute
FinUp.StockData.Price.Api,api/stock/calendar,KeywordController,GetStockOpenDateAsync,GET,FinUp.StockData.Price.Api/Controllers/KeywordController.cs,60,attribute
FinUp.StockData.Price.Api,api/ThemeCaptureChart,ThemeLogController,GetThemeCaptureChart,POST,FinUp.StockData.Price.Api/Controllers/ThemeLogController.cs,29,attribute
FinUp.StockData.Price.Api,api/themelog,ThemeLogController,GetThemeLog,POST,FinUp.StockData.Price.Api/Controllers/ThemeLogController.cs,109,attribute
FinUp.StockData.Price.Api,api/ThemeLog/Diff,ThemeLogController,GetThemeDiffList,POST,FinUp.StockData.Price.Api/Controllers/ThemeLogController.cs,70,attribute
FinUp.StockData.Price.Api,api/themelog/keyword/Diff,ThemeLogController,GetThemelogKeywordDiffList,POST,FinUp.StockData.Price.Api/Controllers/ThemeLogController.cs,157,attribute
FinUp.StockData.Price.Api,api/themelog/keyword/rank,ThemeLogController,GetThemelogKeywordRank,GET,FinUp.StockData.Price.Api/Controllers/ThemeLogController.cs,125,attribute
FinUp.StockData.Price.Api,api/themelog/keyword/relation-stocks,ThemeLogController,GetThemeLogRelationStocks,POST,FinUp.StockData.Price.Api/Controllers/ThemeLogController.cs,141,attribute
FinUp.StockData.Price.Api,api/ThemeLog/play,ThemeLogController,GetThemePlay,POST,FinUp.StockData.Price.Api/Controllers/ThemeLogController.cs,91,attribute
FinUp.StockData.Price.Api,api/ThemeLog/play/info,ThemeLogController,GetThemePlayInfo,POST,FinUp.StockData.Price.Api/Controllers/ThemeLogController.cs,80,attribute
FinUp.StockData.Price.Api,api/ThemeLog/ThemeRankingByDiff,ThemeLogController,GetThemeRankingByDiff,GET,FinUp.StockData.Price.Api/Controllers/ThemeLogController.cs,53,attribute
FinUp.StockData.Price.Api,api/ThemeRelationStock,ThemeLogController,GetThemeRelationStock,POST,FinUp.StockData.Price.Api/Controllers/ThemeLogController.cs,41,attribute
FinUp.StockData.Price.Api,api/tv/config,TradingViewController,GetConfig,GET,FinUp.StockData.Price.Api/Controllers/TradingViewController.cs,21,attribute
FinUp.StockData.Price.Api,api/tv/history,TradingViewController,GetHistory,GET,FinUp.StockData.Price.Api/Controllers/TradingViewController.cs,155,attribute
FinUp.StockData.Price.Api,api/tv/marks,TradingViewController,GetMarks,GET,FinUp.StockData.Price.Api/Controllers/TradingViewController.cs,115,attribute
FinUp.StockData.Price.Api,api/tv/symbol_info,TradingViewController,GetSymbolInfo,GET,FinUp.StockData.Price.Api/Controllers/TradingViewController.cs,45,attribute
FinUp.StockData.Price.Api,api/tv/symbols,TradingViewController,GetSymbols,GET,FinUp.StockData.Price.Api/Controllers/TradingViewController.cs,57,attribute
FinUp.StockData.Price.Api,api/tv/time,TradingViewController,GetTime,GET,FinUp.StockData.Price.Api/Controllers/TradingViewController.cs,105,attribute
FinUp.StockData.Price.Api,api/v2/chart/lw/theme,ChartController,GetThemeChartAsync_v2,GET,FinUp.StockData.Price.Api/Controllers/ChartController.cs,238,attribute
FinUp.StockData.Price.Api,api/v2/tv/history,TradingViewController,GetHistoryV2,GET,FinUp.StockData.Price.Api/Controllers/TradingViewController.cs,197,attribute
FinUp.StockData.Price.Api,api/v2/tv/marks,TradingViewController,GetMarks,GET,FinUp.StockData.Price.Api/Controllers/TradingViewController.cs,115,attribute
FinUp.StockData.Price.Api,api/v2/tv/ticker/history,TradingViewTickerController,GetHistoryV2,GET,FinUp.StockData.Price.Api/Controllers/TradingViewTickerController.cs,32,attribute
FinUp.StockData.Price.Api,api/v3/tv/history,TradingViewController,GetHistoryV3,GET,FinUp.StockData.Price.Api/Controllers/TradingViewController.cs,239,attribute
FinUp.StockData.Price.Api,api/v3/tv/marks,TradingViewController,GetMarks,GET,FinUp.StockData.Price.Api/Controllers/TradingViewController.cs,115,attribute
FinUp.StockData.Price.Api.Channel,api/check/health,CheckController,HealthCheck,GET,FinUp.StockData.Price.Api.Channel/Controllers/CheckController.cs,14,attribute
FinUp.StockData.Price.Api.Channel,api/price/connect,PriceController,ConnectByGet,GET,FinUp.StockData.Price.Api.Channel/Controllers/PriceController.cs,23,attribute
FinUp.StockData.Price.Api.RealTime,api/Cache/price,CacheController,GetAll,GET,FinUp.StockData.Price.Api.RealTime/Controllers/Legacy/CacheController.cs,31,attribute
FinUp.StockData.Price.Api.RealTime,api/Cache/price/schedule,CacheController,SchedulePrice,GET,FinUp.StockData.Price.Api.RealTime/Controllers/Legacy/CacheController.cs,44,attribute
FinUp.StockData.Price.Api.RealTime,api/Cache/price/{code},CacheController,Get,GET,FinUp.StockData.Price.Api.RealTime/Controllers/Legacy/CacheController.cs,35,attribute
FinUp.StockData.Price.Api.RealTime,api/Policy/reset,PolicyController,Reset,GET,FinUp.StockData.Price.Api.RealTime/Controllers/Legacy/PolicyController.cs,27,attribute
FinUp.StockData.Price.Api.RealTime,api/Policy/{path?},PolicyController,Get,GET,FinUp.StockData.Price.Api.RealTime/Controllers/Legacy/PolicyController.cs,23,attribute
FinUp.StockData.Price.Api.RealTime,api/Scope,ScopeController,GetAll,GET,FinUp.StockData.Price.Api.RealTime/Controllers/Legacy/ScopeController.cs,34,attribute
FinUp.StockData.Price.Api.RealTime,api/Scope/count,ScopeController,GetScopeCount,GET,FinUp.StockData.Price.Api.RealTime/Controllers/Legacy/ScopeController.cs,46,attribute
FinUp.StockData.Price.Api.RealTime,api/Scope/count/interval,ScopeController,GetScopeCountInterval,GET,FinUp.StockData.Price.Api.RealTime/Controllers/Legacy/ScopeController.cs,50,attribute
FinUp.StockData.Price.Api.RealTime,api/Scope/count/realtime,ScopeController,GetScopeCountRealtime,GET,FinUp.StockData.Price.Api.RealTime/Controllers/Legacy/ScopeController.cs,54,attribute
FinUp.StockData.Price.Api.RealTime,api/Scope/id/{id},ScopeController,GetScope,GET,FinUp.StockData.Price.Api.RealTime/Controllers/Legacy/ScopeController.cs,38,attribute
FinUp.StockData.Price.Api.RealTime,api/Scope/ip/{ip},ScopeController,GetScopeIP,GET,FinUp.StockData.Price.Api.RealTime/Controllers/Legacy/ScopeController.cs,42,attribute
FinUp.StockData.Price.Api.RealTime,api/Sse,SseController,Get,GET,FinUp.StockData.Price.Api.RealTime/Controllers/Legacy/SseController.cs,40,attribute
FinUp.StockData.Price.Api.RealTime,api/Sse/test/eventstream,SseController,TestEventstream,GET,FinUp.StockData.Price.Api.RealTime/Controllers/Legacy/SseController.cs,159,attribute
FinUp.StockData.Price.Api.RealTime,api/v1.0/Cache/price,CacheController,GetAll,GET,FinUp.StockData.Price.Api.RealTime/Controllers/v1_0/CacheController.cs,31,attribute
FinUp.StockData.Price.Api.RealTime,api/v1.0/Cache/price/schedule,CacheController,SchedulePrice,GET,FinUp.StockData.Price.Api.RealTime/Controllers/v1_0/CacheController.cs,65,attribute
FinUp.StockData.Price.Api.RealTime,api/v1.0/Cache/price/{code},CacheController,Get,GET,FinUp.StockData.Price.Api.RealTime/Controllers/v1_0/CacheController.cs,35,attribute
FinUp.StockData.Price.Api.RealTime,api/v1.0/Sse,SseController,Get,GET,FinUp.StockData.Price.Api.RealTime/Controllers/v1_0/SseController.cs,63,conventional
FinUp.StockData.Price.Api.RealTime,api/v1.0/Sse/price/{code},SseController,Get,GET,FinUp.StockData.Price.Api.RealTime/Controllers/v1_0/SseController.cs,221,attribute
